student_id,program_name,uni_name,rating,is_relevant
1, Philosophy,Johns Hopkins University,2,0
1,Advertising In Journalism and Radio/TV,Antoine University,3,0
1,Agriculture,American University of Beirut ,2,0
1,Applied Computer Science,University of Göttingen,4,1
1,Biomedical Engineering,Universitat Politècnica de Catalunya · BarcelonaTech (UPC),1,0
1,Business Information Systems,University of Göttingen,3,1
1,Cognitive Science,Massachusetts Institute of Technology (MIT),2,0
1,Computer Engineering,Universität Heidelberg,4,1
1,Computer Science,Technische Universität Berlin (TU Berlin),3,1
1,Computer Science,Universität Heidelberg,5,1
1,Computer Science,Universität Heidelberg,3,1
1,Computer Science,Universität Stuttgart,4,1
1,Computer Science,Unversity of Balamand,2,0
1,Computer Science (BSc) (Honours) (Vancouver Campus),University of British Columbia,1,0
1,Computing in Science,Universität Hamburg,5,1
1,Data and Computer Science,Universität Heidelberg,4,1
1,Informatics,"KIT, Karlsruhe Institute of Technology",4,1
1,Liberal Arts ,Harvard University,2,0
1,Medical Informatics,Universität Heidelberg,4,1
1,Sociology,"University of California, Los Angeles (UCLA)",2,0
1,Software Engineering,Ludwig-Maximilians-Universität München,4,1
1,Software System Development,Universität Hamburg,5,1
2, Environmental  Engineering,Yale University,2,0
2, Geography (Thesis),McGill University,2,0
2,Advanced Mathematics,Complutense University of Madrid,2,0
2,Applied Research to Mass Media,Universidad Carlos III de Madrid (UC3M),2,0
2,Business Administration,Freie Universitaet Berlin,3,1
2,Business Administration,Goethe-University Frankfurt am Main,5,1
2,Business Management,Friedrich-Alexander-Universität Erlangen-Nürnberg,5,1
2,Computer Science,Cornell University,2,0
2,Finance,Johns Hopkins University,1,0
2,Finance,University of Cologne,5,1
2,Finance Accounting and Taxation,Freie Universitaet Berlin,5,1
2,Hotel Management,Universitat Autònoma de Barcelona,1,0
2,Insurance,Ludwig-Maximilians-Universität München,4,1
2,Management Ethics and Innovation in the Non Profit Sector,Universität Heidelberg,4,1
2,Management Ethics and Innovation in the Non Profit Sector,Universität Heidelberg,3,1
2,Management and Digital Technologies,Ludwig-Maximilians-Universität München,5,1
2,Music,Holy Spirit University of Kaslik,1,0
2,New Electronic and Photonic Technologies,Complutense University of Madrid,3,0
2,Photonics,Universitat Autònoma de Barcelona,1,0
3, Economics,University of Chicago,2,0
3,Advanced Studies in Catalan Language and Literature,Universitat Autònoma de Barcelona,4,1
3,Ancient Studies,Universitat Autònoma de Barcelona,4,1
3,Animal Science,Cornell University,2,0
3,Archaeology,Universitat de Barcelona,3,1
3,Archaeology,Universitat de Barcelona,4,1
3,Biochemistry,Lebanese International University,2,0
3,Biology ,Friedrich-Alexander-Universität Erlangen-Nürnberg,2,0
3,Catalan and Spanish,Universitat Autònoma de Barcelona,4,1
3,Economic History,Universitat Autònoma de Barcelona,5,1
3,Economics,Saint Joseph University of Beirut,1,0
3,Electrical Engineering,McGill University,2,0
3,English Language and Literature,Universidade de Santiago de Compostela,4,1
3,History Languages and Cultures of the Near East on Islamic Studies,Universität Hamburg,2,0
3,Italian Studies,University of Salamanca,5,1
3,Linguistics and Applied Languages,Complutense University of Madrid,5,1
3,Mechanical Engineering,Unversity of Balamand ,2,0
3,Medieval European Identity,Universitat Autònoma de Barcelona,4,1
3,Modern Language and Literature,Universitat de Barcelona,3,1
3,"Science, Technology and Humanities",Universidad Carlos III de Madrid (UC3M),2,0
3,Theology,Comillas Pontifical University,5,1
4, French Language and Literature ,Unversity of Balamand ,1,0
4,Anthropology,Universität Heidelberg,2,0
4,Bioethics,University of Toronto,1,0
4,Business Administration,Unversity of Balamand ,2,0
4,Computer Science,University of British Columbia,3,1
4,Computer Science (Non-Thesis),McGill University,4,1
4,Computer Science (Thesis),McGill University,3,1
4,Economic and Sociological Studies,Universität Hamburg,1,0
4,Health Informatics,University of Toronto,2,0
4,Health Informatics,University of Toronto,4,1
4,Innovation and Research in Informatics,Universitat Politècnica de Catalunya · BarcelonaTech (UPC),2,0
4,Integrated Studies in Land and Food Systems ,University of British Columbia,5,1
4,Management Information Systems,University of British Columbia,2,0
4,Management Information Systems,University of British Columbia,4,1
4,Mechatronics,Universität Stuttgart,2,0
4,Psychoanalysis and Theory of Culture,Complutense University of Madrid,2,0
4,Social Work ,University of British Columbia,1,0
4,Software  Engineering,Harvard University,5,1
4,Software Development,University of Granada,2,0
5, Biological Basis of Behavior,University of Pennsylvania,2,0
5, Latin American Studies,Yale University,3,0
5,Agricultural and Food Engineering,Universidade de Santiago de Compostela,3,0
5,Bioinformatics,Universitat Autònoma de Barcelona,3,0
5,Building,Universidad Autónoma de Madrid,4,1
5,Chemical Engineering,Universitat Politecnica de Valencia,4,1
5,Chemical Engineering,Universitat de Barcelona,5,1
5,Computer Engineering,Universitat Ramon Llull,4,1
5,Computer Engineering,Universitat de Valencia,5,1
5,Electronic Engineering and Telecommunications,Universitat de Barcelona,3,1
5,Energy Studies,American University of Beirut,2,0
5,French,Johns Hopkins University,2,0
5,Graphic Design,American University of Beirut ,1,0
5,Modeling for Science and Engineering,Universitat Autònoma de Barcelona,5,1
5,Nanoscience and Nanotechnology,Universitat Autònoma de Barcelona,5,1
5,Petroleum Engineering,Unversity of Balamand,1,0
5,Photonics,Universitat Autònoma de Barcelona,4,1
5,Political Science,"University of California, Los Angeles (UCLA)",2,0
5,Robotics Engineering,Universidad Carlos III de Madrid (UC3M),3,1
5,Software Engineering,Complutense University of Madrid,4,1
5,Sound and Image Engineering,Universidad Carlos III de Madrid (UC3M),5,1
6, Computational Analysis and Public Policy,University of Chicago,1,0
6,Accounting,American University of Science and Technology,4,1
6,Applied Animal Biology ,University of British Columbia,3,0
6,Business Management,American University of Science and Technology,5,1
6,Business and Management  and Management and Technology Management,New York University (NYU),2,0
6,Ethics and Democracy,Universitat de Valencia,2,0
6,Exercise and Sports Science,Universität Hamburg,3,0
6,Finance,American University of Science and Technology,4,1
6,Finance,Jinan University,5,1
6,Financial Engineering,American University of Science and Technology,5,1
6,General Business and Management  Administration,Rafik Hariri  University,4,1
6,General Management,Antoine University,5,1
6,Hospitality Management,American University of Science and Technology,4,1
6,Hotel Management,Islamic University of Lebanon,4,1
6,Investment Management,McGill University,1,0
6,Leadership And Human Resources Management,Saint Joseph University of Beirut,5,1
6,Management,Jinan University,4,1
6,Mathematical Finance,University of Toronto,2,0
6,Music and Health Sciences,University of Toronto,1,0
6,Optometry and Vision,Complutense University of Madrid,3,1
6,Project Management,Jinan University,4,1
6,"Public Law, Private Law and Business Law",Saint Joseph University of Beirut,1,0
7, Molecular Biology,Princeton University,3,0
7,Arabic Language and Literature,Holy Spirit University of Kaslik,3,0
7,Biochemistry,Eberhard Karls Universität Tübingen,5,1
7,Biochemistry,Freie Universitaet Berlin,5,1
7,Biostatistics,University of Toronto,2,0
7,Chemistry,Technische Universität Berlin (TU Berlin),5,1
7,Chemistry,Technische Universität Dresden,4,1
7,Chemistry,Universität Heidelberg,5,1
7,Chemistry ,Friedrich-Alexander-Universität Erlangen-Nürnberg,4,1
7,Computer Engineering,McGill University,2,0
7,Engineering Physics,Cornell University,1,0
7,Food Chemistry,"KIT, Karlsruhe Institute of Technology",4,1
7,Food Chemistry,Technical University of Munich,5,1
7,Geomaterials and Geochemistry,Ludwig-Maximilians-Universität München,5,1
7,Geophysics,Ludwig-Maximilians-Universität München,4,1
7,History,Northwestern University,1,0
7,Mathematical Engineering in Data Science,Universitat Pompeu Fabra (Barcelona),2,0
7,Mathematics,Freie Universitaet Berlin,4,1
7,Meteorology,Ludwig-Maximilians-Universität München,5,1
7,Music: Scholarship,University of British Columbia,1,0
7,Physical Therapy,Islamic University of Lebanon,2,0
7,Social Work ,Saint Joseph University of Beirut,2,0
7,Theoretical and Mathematical Physics,Ludwig-Maximilians-Universität München,3,1
8,  Nursing (Non-Thesis),McGill University,5,1
8, Dental Sciences (Thesis),McGill University,5,1
8, Occupational Therapy (MScOT),University of Toronto,4,1
8,Biological and Biomedical Engineering (Non-Thesis) ,McGill University,5,1
8,Biological and Biomedical Engineering (Thesis),McGill University,4,1
8,Business  Analytics program in the MENA region,American University of Beirut ,2,0
8,Construction Management,New York University (NYU),3,0
8,Epidemiology (Thesis),McGill University,4,1
8,Experimental Medicine,University of British Columbia,4,1
8,Experimental Medicine (Thesis),McGill University,3,1
8,Family Medicine (Thesis),McGill University,3,1
8,"High Energy Physics, Astrophysics and Cosmology",Universitat Autònoma de Barcelona,1,0
8,Human Nutrition (Thesis),McGill University,4,1
8,Industrial and Labor Relations,Cornell University,2,0
8,"Legal, Commercial, Tax and Labor Consulting",Universidad de Sevilla,3,0
8,Licentiate Sacred Theology,Comillas Pontifical University,1,0
8,Medical Radiation Physics (Thesis),McGill University,5,1
8,Medicine,Universitat Pompeu Fabra (Barcelona),2,0
8,Nanophysics and Advanced Materials,Complutense University of Madrid,2,0
8,Occupational Risk Prevention,Complutense University of Madrid,2,0
8,Physical Therapy Advanced Standing Option,University of Toronto,4,1
8,Technology of Education,Holy Spirit University of Kaslik,2,0
9,Business Analytics,Comillas Pontifical University,1,0
9,Christian Education,Haigazian University,2,0
9,Computer Science,Rafik Hariri  University ,5,1
9,Computer Science,Universidade de Santiago de Compostela,5,1
9,Computer Science,University of British Columbia,5,1
9,Computer Science,Universität Heidelberg,4,1
9,Computer Science (BSc) (Okanagan Campus),University of British Columbia,5,1
9,Computer Science (Non-Thesis),McGill University,5,1
9,Computer Science (Thesis),McGill University,3,1
9,Computer Science and Engineering,Universidad Carlos III de Madrid,4,1
9,Computer Science and Psychology,Yale University,5,1
9,Cybersecurity,Comillas Pontifical University,2,0
9,Doctoral program in Computing,Universitat Politècnica de Catalunya · BarcelonaTech (UPC),1,0
9,Health Informatics,University of Toronto,3,1
9,Health Policy,Johns Hopkins University,1,0
9,Management Information Systems,University of British Columbia,5,1
9,Pharmacy,University of Granada,2,0
9,Software  Engineering,Harvard University,2,0
9,Videogame Design and Virtual Environments,IE University,3,0
9,Voice,McGill University,1,0
10," Orchestral Instruments, Guitar (Thesis)",McGill University,2,0
10, Public Health Occupational and Environmental Medicine Track (Non Yale Fellows),Yale University,1,0
10,Anthropology,Universitat Autònoma de Barcelona,5,1
10,Anthropology (Thesis): Development Studies,McGill University,1,0
10,Applied Research in Economics and Business,Universitat Autònoma de Barcelona,5,1
10,Business Administration,Holy Spirit University of Kaslik,3,0
10,"Contemporary History, Politics and Economics",Universitat Autònoma de Barcelona,4,1
10,Cooperation to the Development,Universitat Politecnica de Valencia,5,1
10,Economic Analysis,Universidad Carlos III de Madrid,4,1
10,Economics,California Institute of Technology (Caltech),1,0
10,Economics,Universitat Autònoma de Barcelona,4,1
10,Economics,Universitat de Barcelona,5,1
10,Electrical Engineering,Universität Stuttgart,2,0
10,Food Technology,Technical University of Munich,2,0
10,History and Anthropology of America,Complutense University of Madrid,4,1
10,International Politics,Complutense University of Madrid,5,1
10,Nursing Sciences,Antoine University,3,1
10,Permanent Training in Foreign Trade,Universidad Carlos III de Madrid (UC3M),2,0
10,"Philosophy, Politics and Economics",Universitat Autònoma de Barcelona,5,1
10,Political Analysis,Complutense University of Madrid,4,1
10,Special Education,Saint Joseph University of Beirut,2,0
11,Accounting,American University of Science and Technology,5,1
11,Accounting,American University of Science and Technology,4,1
11,Banking and Finance,Islamic University of Lebanon,4,1
11,Banking and Finance,Notre Dame University,1,0
11,Business Administration,Islamic University of Lebanon,5,1
11,Business Administration and Management,Saint Joseph University of Beirut,4,1
11,Business Management,Lebanese International University,3,1
11,Comparing African Languages and Cultures,Universität Hamburg,1,0
11,Economics,Unversity of Balamand ,2,0
11,Finance,American University of Science and Technology,4,1
11,Financial Engineering,American University of Science and Technology,4,1
11,History,Johns Hopkins University,2,0
11,Human Resources Management,American University of Science and Technology,5,1
11,Kindergarten and Elementary Education,McGill University,2,0
11,Management,Beirut Arab University,4,1
11,Managing for Sustainability,McGill University,1,0
11,Physical Education and Sport,Notre Dame University ,3,0
11,Sport and Exercise Science,Universitat Ramon Llull,3,0
11,Technological Entrepreneurship,McGill University,2,0
11,Telecommunication Technologies Engineering,Universidad Carlos III de Madrid (UC3M),1,0
12,Account Auditing and Accounting,Universitat Autònoma de Barcelona,2,0
12,Arabic Language and Literature,Saint Joseph University of Beirut,2,0
12,Bioengineering,"KIT, Karlsruhe Institute of Technology",5,1
12,Business Strategy,Universitat de Valencia,2,0
12,Chemical Engineering,Technical University of Munich,5,1
12,Chemical Engineering,Technical University of Munich,3,1
12,Chemical and Biological Engineering,Friedrich-Alexander-Universität Erlangen-Nürnberg,3,1
12,Chemical and Biomolecular  Engineering,New York University (NYU),1,0
12,Computer Engineering,Universität Heidelberg,5,1
12,Conservation Biology,Complutense University of Madrid,2,0
12,Contemporary Latin American Studies,Complutense University of Madrid,2,0
12,General Health Psychology,Comillas Pontifical University,3,1
12,Industrial Engineering,Comillas Pontifical University,2,0
12,Interuniversity Research of Law of Culture,Universidad Carlos III de Madrid (UC3M),3,0
12,Materials Science,Ludwig-Maximilians-Universität München,4,1
12,Materials Science,Ludwig-Maximilians-Universität München,5,1
12,Matter to Life,Universität Heidelberg,4,1
12,Matter to Life,Universität Heidelberg,5,1
12,Mechanical Engineering,Technical University of Munich,5,1
12,Mechanical engineering,Friedrich-Alexander-Universität Erlangen-Nürnberg,3,1
12,Mechatronics and Biomechanical Engineering,Technical University of Munich,5,1
12,Music Education,University of Toronto,3,0
12,Software Engineering,Ludwig-Maximilians-Universität München,4,1
13," Human Biology, Health and Society",Cornell University,2,0
13,Animal Production,McGill University,2,0
13,Arabic Language and Literature,Beirut Arab University,4,1
13,Arabic Language and Literature,Holy Spirit University of Kaslik,5,1
13,Arabic Language and Literature,Saint Joseph University of Beirut,4,1
13,Biology,Universitat de Valencia,1,0
13,Business Administration and Economics,Technische Universität Dresden,1,0
13,Chemical Engineering,Universidad Autónoma de Madrid,2,0
13,Creative Writing & Literature,Harvard University,2,0
13,French Language and Literature,Beirut Arab University,5,1
13,International Relations,Complutense University of Madrid,3,1
13,Islamic studies,American University of Beirut,5,1
13,Laws,Universidad de Sevilla,3,1
13,Linguistics,University of Toronto,1,0
13,Religious Studies,Saint Joseph University of Beirut,4,1
13,Social and Cultural Anthropology,Complutense University of Madrid,2,0
13,Theological Sciences and Pastoral Studies ,Antoine University,5,1
13,Theology,Holy Spirit University of Kaslik,5,1
13,Translation,Saint Joseph University of Beirut,5,1
13,Translation,Saint Joseph University of Beirut,4,1
13,Translation and Language,Jinan University,4,1
14,   Advanced Nursing (Non-Thesis),McGill University,4,1
14,  Nursing (Non-Thesis),McGill University,5,1
14, Aerospace  Engineering,Cornell University,3,0
14,Applied Physics,Columbia University,1,0
14,Archaeological Research,Complutense University of Madrid,2,0
14,Bio Engineering & Nanotechnology,Harvard University,4,1
14,Biological and Biomedical Engineering (Thesis),McGill University,3,1
14,Biomedical Engineering,Holy Spirit University of Kaslik,2,0
14,Economics and Finance,Eberhard Karls Universität Tübingen,2,0
14,English Linguistics,Complutense University of Madrid,1,0
14,Epidemiology (Thesis),McGill University,5,1
14,Family Medicine (Thesis),McGill University,5,1
14,Family and Community Medicine,University of Toronto,3,1
14,Human Nutrition (Thesis),McGill University,4,1
14,Human Nutrition and Dietetics,Complutense University of Madrid,2,0
14,Journalism and Digital Content Innovation,Universitat Autònoma de Barcelona,1,0
14,Medical Sociology (Thesis),McGill University,3,1
14,Occupational Risk Prevention,Universitat Politecnica de Valencia,2,0
14,Pathology and Laboratory Medicine ,University of British Columbia,5,1
14,Public Health,"University of California, Berkeley",5,1
14,Public Health ,University of British Columbia,5,1
14,Spanish and Latin American Music,Complutense University of Madrid,2,0
15,Business and Information Technology,Universitat Autònoma de Barcelona,5,1
15,Business and Information Technology,Universitat Autònoma de Barcelona,4,1
15,Computer Engineering,Complutense University of Madrid,4,1
15,Computer Engineering,Universitat de Barcelona,4,1
15,Computer Science,Goethe-University Frankfurt am Main,2,0
15,Computer Science,Universidade de Santiago de Compostela,5,1
15,Formal Methods in Computer Engineering,Complutense University of Madrid,4,1
15,German Language and Literature,Universität Hamburg,1,0
15,Industrial Computing and Robotics,Universitat Politecnica de Valencia,4,1
15,Information Systems,Universität Stuttgart,1,0
15,Nursing  International Nursing Program,University of Navarra,2,0
15,Petroleum Engineering,Pheonicia University ,2,0
15,Physiotherapy,Saint Joseph University of Beirut,2,0
15,Public Health,Pheonicia University ,2,0
15,Sciences,Universidad Carlos III de Madrid (UC3M),3,0
15,Software Engineering,Complutense University of Madrid,5,1
16,Advertising,Lebanese International University,2,0
16,Automation and Industrial Electronic Engineering and Mechanical Engineering,Universitat Autònoma de Barcelona,2,0
16,Business and Information Technology,Universitat Autònoma de Barcelona,5,1
16,Chemical Biology,"KIT, Karlsruhe Institute of Technology",3,0
16,Computer Science,American University of Science and Technology,4,1
16,European Literature and Culture,McGill University,2,0
16,Global Food Security,McGill University,2,0
16,Information Systems,University of Cologne,1,0
16,Information Technology,Notre Dame University ,2,0
16,Mathematics,Technical University of Darmstadt,2,0
16,Nursing,McGill University,1,0
16,Security Engineering,Universidad Carlos III de Madrid,4,1
16,Theatre: Acting,University of British Columbia,3,1
17, Public Health Policy Track,Yale University,2,0
17,Chemical and Biological  Engineering,University of British Columbia,4,1
17,Civil Engineering (Non-Thesis),McGill University,5,1
17,Data Science,Universitat Politècnica de Catalunya · BarcelonaTech (UPC),2,0
17,Electric Power Systems and Drives,Universitat Politècnica de Catalunya · BarcelonaTech (UPC),1,0
17,Erasmus Mundus Advanced Materials Science and Engineering,Universitat Politècnica de Catalunya · BarcelonaTech (UPC),2,0
17,Higher Education,University of British Columbia,2,0
17,Linguistics,Cornell University,2,0
17,Preservation of Architectural Heritage,Universitat Politecnica de Valencia,3,1
17,Research in Translational Medicine,Complutense University of Madrid,3,1
17,Statistics,University of Toronto,4,1
18, Drama and Theatre,McGill University,3,1
18, Jazz,McGill University,2,0
18,Advertising,Antoine University,4,1
18,Advertising and Communication,Haigazian University,4,1
18,Biology ,Friedrich-Alexander-Universität Erlangen-Nürnberg,2,0
18,Education program Early Childhood,Beirut Arab University,1,0
18,History,Princeton University,2,0
18,International Relations  Geopolitics and Diplomacy,University of Navarra,2,0
18,Journalism,Jinan University,5,1
18,Journalism,Jinan University,4,1
18,Multimedia Studies,Universitat Politècnica de Catalunya · BarcelonaTech (UPC),2,0
18,Music,Haigazian University,3,1
18,Portuguese,Johns Hopkins University,3,0
18,Public Relations,Lebanese International University,5,1
18,Radio & TV,Lebanese International University,3,1
18,Rأ©alisation Cinأ©ma,Unversity of Balamand,4,1
18,Telecommunication Technologies and Services Engineering,Universitat Politecnica de Valencia,1,0
18,media studies,American University of Beirut,3,1
18,radio and television,Jinan University,5,1
19,Addictions and Mental Health,University of Toronto,1,0
19,Applied Animal Biology,University of British Columbia,4,1
19,Biochemistry,Universität Heidelberg,1,0
19,Chemistry,"KIT, Karlsruhe Institute of Technology",2,0
19,Cytogenetics and Reproductive Biology,Universitat Autònoma de Barcelona,2,0
19,Economic and Sociological Studies,Universität Hamburg,2,0
19,Family and Community Medicine,University of Toronto,4,1
19,Finance,IE University,1,0
19,Geophysics and Meteorology,University of Granada,3,0
19,Public Health,"University of California, Berkeley",5,1
19,Public Policy and International Affairs,American University of Beirut,2,0
19,Religious Studies,Universität Heidelberg,2,0
20,Biology ,Jinan University,2,0
20,Composition,University of Toronto,2,0
20,Conservation and Restoration of Cultural Heritage,Universitat Politecnica de Valencia,3,1
20,Dental Hygiene,University of British Columbia,2,0
20,Design,Universitat de Barcelona,4,1
20,Design and Creative Technologies,Universitat Politecnica de Valencia,4,1
20,English Language and Literature,Unversity of Balamand ,3,0
20,Fine Arts,Universitat Politecnica de Valencia,3,1
20,Fine Arts,Universitat de Barcelona,4,1
20,Food Chemistry,Universität Hamburg,2,0
20,Industrial Design Engineering and Product Development,Universitat Politecnica de Valencia,5,1
20,Islamic and Middle Eastern Studies,Universität Heidelberg,2,0
20,Musicology,Complutense University of Madrid,3,1
20,Musicology,Universitat Autònoma de Barcelona,5,1
20,Political Science ,Jinan University,2,0
20,Public Relations,Lebanese International University,3,0
20,Sociology,Universität Heidelberg,2,0
20,Visual Art (BFA) (Vancouver Campus),University of British Columbia,1,0
20,the Fundamentals of Architecture,Universitat Politecnica de Valencia,4,1
21, Biological and Biomedical Engineering (Thesis),McGill University,1,0
21, Dental Hygiene,University of Michigan-Ann Arbor,3,0
21, Second Language Education (Thesis),McGill University,2,0
21,Analysis and Management of the Artistic Heritage,Universitat Autònoma de Barcelona,2,0
21,Architecture,Unversity of Balamand ,1,0
21,Computing in Education,American University of Beirut ,2,0
21,Geological Sciences,Cornell University,2,0
21,History and Anthropology of America,Complutense University of Madrid,4,1
21,Management Analytics,University of British Columbia,1,0
21,Management Engineering,Universitat Politècnica de Catalunya · BarcelonaTech (UPC),5,1
21,Professional Writing,New York University (NYU),1,0
21,Prosthodontics and Esthetic Dentistry,Beirut Arab University,2,0
21,Telecommunications Engineering,Universidad Carlos III de Madrid (UC3M),2,0
22,Advertising,Lebanese International University,3,1
22,Applied Physics,New York University,4,1
22,Astronomy,Yale University,4,1
22,Biophysics,University of Pennsylvania,5,1
22,Chemistry,Freie Universitaet Berlin,4,1
22,Chemistry,Universitat Ramon Llull,4,1
22,Chemistry and Biochemistry,Complutense University of Madrid,5,1
22,Data Science,University of British Columbia,3,0
22,English Language and Literature,Beirut Arab University,3,0
22,European Art History,Universität Heidelberg,1,0
22,Geosciences for the Energy Transition,Universitat de Barcelona,1,0
22,International Economics,University of British Columbia,2,0
22,Linguistics,University of British Columbia,3,0
22,Mathematics,"KIT, Karlsruhe Institute of Technology",5,1
22,Mathematics,Massachusetts Institute of Technology,5,1
22,Mathematics (Bachelor of Arts and Science),McGill University,3,1
22,Mining Engineering,McGill University,1,0
22,Organic Chemistry,Complutense University of Madrid,2,0
22,Telecommunication Technologies and Services Engineering,Universitat Politecnica de Valencia,3,0
23,Cinema Studies,University of Toronto,4,1
23,Cinema and Media Studies,University of British Columbia,4,1
23,Civil  Engineering,Columbia University,1,0
23,Digital Design and Fabrication,Beirut Arab University,3,0
23,Endodontology,Beirut Arab University,3,0
23,Finance,IE University,1,0
23,Management Engineering,Universitat Politècnica de Catalunya · BarcelonaTech (UPC),2,0
23,"Media, Communication and Journalism Sciences & Disorders (Non-Thesis)",McGill University,5,1
23,Physics ,University of Göttingen,1,0
23,Social Studies for Elementary School,Modern University for Business and Science,1,0
23,Sociocultural Analysis of Knowledge and Communication,Complutense University of Madrid,1,0
23,Space and Aeronautical Engineering,Universitat Politècnica de Catalunya · BarcelonaTech (UPC),1,0
23,Translation & Interpreting,New York University (NYU),3,0
24,Biochemistry,University of Navarra,2,0
24,Chemistry,Universität Heidelberg,5,1
24,Dentistry,University of Granada,1,0
24,Early Childhood Education and Primary Education,Universitat Autònoma de Barcelona,3,0
24,Earth and Ocean Sciences,University of British Columbia,3,0
24,Food Chemistry,"KIT, Karlsruhe Institute of Technology",4,1
24,Food Science,McGill University,1,0
24,Journalism,Lebanese International University,3,0
24,Materials Science and  Engineering,Northwestern University,3,0
24,Mathematics,Freie Universitaet Berlin,4,1
24,Science in Computer and Communication Engineering,Rafik Hariri  University ,2,0
24,Spanish and Ibero-American Thought,Complutense University of Madrid,2,0
24,Statistics and Computer Science,McGill University,2,0
25,  Family and Community Medicine,University of Toronto,1,0
25, Public Health in Biostatistics,Yale University,2,0
25,Advanced Studies in Catalan Language and Literature,Universitat Autònoma de Barcelona,4,1
25,Advanced Studies in History of Spanish Art,Complutense University of Madrid,4,1
25,Geoarchaeology,Universität Heidelberg,2,0
25,Global Professional ,University of Toronto,3,0
25,History of Art,University of Toronto,3,0
25,Ignatian Spirituality,Comillas Pontifical University,3,1
25,International Business and Sustainability,Universität Hamburg,2,0
25,Mining Engineering,Universitat Politècnica de Catalunya · BarcelonaTech (UPC),1,0
25,Pre-Medical,Unversity of Balamand,1,0
26,Business Administration,Haigazian University,1,0
26,Chemistry,Yale University,2,0
26,Comparing African Languages and Cultures,Universität Hamburg,3,0
26,"Conservation, Restoration of Cultural Property and Sacred Art",Holy Spirit University of Kaslik,1,0
26,Criminology,Complutense University of Madrid,4,1
26,Criminology,Universitat Autònoma de Barcelona,5,1
26,Criminology,University of Pennsylvania,2,0
26,Criminology and Criminal Justice System,Universitat Autònoma de Barcelona,4,1
26,Electrical  Engineering with Computing,Massachusetts Institute of Technology (MIT),3,0
26,Electrical Engineering,Universitat Politècnica de Catalunya · BarcelonaTech (UPC),1,0
26,Enterprise Law,Universitat Autònoma de Barcelona,5,1
26,Finno Ugric Studies,Universität Hamburg,1,0
26,Law,Universitat Autònoma de Barcelona,4,1
26,Law,Universitat Pompeu Fabra (Barcelona),4,1
26,Law,University of Granada,4,1
26,Law and Labour Relations,Universitat Autònoma de Barcelona,5,1
26,Laws,Universidad de Sevilla,4,1
26,Laws,University of Chicago,1,0
27, Management Studies in Systemic Risk,Yale University,1,0
27,Arabic Language,Jinan University,4,1
27,Arabic Language and Literature,Beirut Arab University,3,0
27,Creative Writing,University of British Columbia,1,0
27,French Language and Literature,Islamic University of Lebanon,4,1
27,French Literature,Saint Joseph University of Beirut,4,1
27,Information Systems,Universität Stuttgart,3,0
27,Islamic studies,American University of Beirut,3,1
27,Islamology,Saint Joseph University of Beirut,5,1
27,"Libraries, Archives and Digital Continuity",Universidad Carlos III de Madrid (UC3M),2,0
27,Philosophy,Saint Joseph University of Beirut,5,1
27,Principles of Health and Disease,Ludwig-Maximilians-Universität München,3,0
27,Religious Sciences,Holy Spirit University of Kaslik,5,1
27,Religious Studies,Saint Joseph University of Beirut,4,1
27,Religious Studies,University of Pennsylvania,1,0
27,Theology,Holy Spirit University of Kaslik,5,1
27,"Transportation, Land and Urban Development",Universitat Politecnica de Valencia,2,0
27,Vocal Studies,University of Toronto,2,0
28, Degree Completion,University of Michigan-Ann Arbor,3,1
28, Music Education,Johns Hopkins University,4,1
28,Biology,University of British Columbia,3,1
28,Chemistry,Saint Joseph University of Beirut,2,0
28,Computer Science,Universität Hamburg,2,0
28,Dietetics,McGill University,2,0
28,Education,Notre Dame University,2,0
28,Education Policy,University of Pennsylvania,3,1
28,"Education, Culture, and Society",University of Pennsylvania,5,1
28,Higher Education,University of Pennsylvania,5,1
28,International Educational Development,University of Pennsylvania,4,1
28,Marketing and Management,Antoine University,3,0
28,Mathematics ,Technical University of Darmstadt,3,0
28,"Measurement, Evaluation and Research Methodology",University of British Columbia,2,0
28,Nanotechnology,McGill University,3,1
28,Plant Biology,McGill University,2,0
29, Mathematics,McGill University,3,0
29,Automotive Engineering,Universitat Politècnica de Catalunya · BarcelonaTech (UPC),1,0
29,Bachelor of Laws,Universidad Autónoma de Madrid,2,0
29,Business Administration and Management,University of Granada,1,0
29,Civil Engineering,"KIT, Karlsruhe Institute of Technology",4,1
29,Civil Engineering ,Islamic University of Lebanon,4,1
29,Civil and Construction,Unversity of Balamand ,4,1
29,Civil and Environmental  Engineering,Carnegie Mellon University,1,0
29,Computer Engineering,Lebanese International University,3,0
29,Computer Science,Yale University,3,0
29,Economics and Finance,McGill University,2,0
29,Industrial Engineering,Friedrich-Alexander-Universität Erlangen-Nürnberg,5,1
29,Industrial Engineering,Lebanese International University,5,1
29,Law,Comillas Pontifical University,1,0
29,Materials Science,Ludwig-Maximilians-Universität München,5,1
29,Matter to Life,Universität Heidelberg,5,1
29,Mechanical Engineering,Beirut Arab University,5,1
29,Mechatronics and Information Technology,"KIT, Karlsruhe Institute of Technology",4,1
29,Nursing,Universitat Ramon Llull,2,0
29,Probability and Statistics,McGill University,2,0
30, Near Eastern Languages and Civilizations - Hebrew and Judaica,University of Pennsylvania,2,0
30,Bioinformatics,Freie Universitaet Berlin,5,1
30,Business Marketing,American University of Science and Technology,3,0
30,Computer Engineering,Universität Heidelberg,3,1
30,Computer Science,Eberhard Karls Universität Tübingen,4,1
30,Computer Science,Freie Universitaet Berlin,5,1
30,Computer Science,Stanford University,2,0
30,Computer Science,Universität Heidelberg,4,1
30,Computer Science,Universität Stuttgart,5,1
30,Computer Science &  Engineering,Massachusetts Institute of Technology (MIT),1,0
30,Dental Laboratory Technology ,Antoine University,2,0
30,Health Geography,McGill University,3,0
30,IT Security,Friedrich-Alexander-Universität Erlangen-Nürnberg,5,1
30,Kinesiology: Neuromechanical and Physiological Sciences,University of British Columbia,2,0
30,Medical Informatics,Universität Heidelberg,4,1
30,Software Engineering,Ludwig-Maximilians-Universität München,4,1
30,"Sustainability, Science & Society ",McGill University,2,0
31, Otolaryngology (Thesis),McGill University,3,1
31, Seniors Care ,University of British Columbia,4,1
31, Surgical and Interventional Sciences (Thesis),McGill University,5,1
31, Translational Research in the Health Sciences,University of Toronto,3,0
31,Biochemistry (Thesis),McGill University,4,1
31,Biology (Thesis),McGill University,3,1
31,Business Mathematics,Universität Hamburg,2,0
31,Cell Biology (Thesis),McGill University,4,1
31,Entrepreneurship and Business Venturing,Universidad Carlos III de Madrid (UC3M),2,0
31,Genome Science and Technology ,University of British Columbia,5,1
31,German Linguistics,Universität Hamburg,3,0
31,Horticultural Biology,Cornell University,1,0
31,Mechanical Engineering,Lebanese International University,2,0
31,"Media, Communication and Culture",Universitat Autònoma de Barcelona,2,0
31,Microbiology and Immunology (Thesis),McGill University,5,1
31,Neuroscience (Thesis),McGill University,5,1
31,Pharmacognosy and Medicinal Plants,Beirut Arab University,2,0
31,"Research Methods for Management, Economics and Finance",Comillas Pontifical University,3,0
32,Agricultural Economics,American University of Beirut ,1,0
32,Behavioral and Health Sciences Methodology,Complutense University of Madrid,3,1
32,Biology,Universität Heidelberg,1,0
32,Chemistry,Rheinische Friedrich-Wilhelms-Universität Bonn,1,0
32,Computer Science,Holy Spirit University of Kaslik,1,0
32,Educational Psychology,Universitat Autònoma de Barcelona,4,1
32,Educational Psychology,Universitat Ramon Llull,5,1
32,Experiential Humanist Psychotherapy and in Emotion Focused Therapy,Comillas Pontifical University,4,1
32,General Health Psychology,Universidad Autónoma de Madrid,4,1
32,General Health Psychology,Universidad de Sevilla,4,1
32,Global Mental Health and Counselling Psychology,University of Toronto,1,0
32,Harpsichord ,University of British Columbia,3,0
32,Legal and Forensic Psychology,Universitat Autònoma de Barcelona,4,1
32,Meteorology,Ludwig-Maximilians-Universität München,2,0
32,Music Technology and Digital Media,University of Toronto,1,0
32,Psychology,Complutense University of Madrid,5,1
32,Psychology (Thesis),McGill University,2,0
32,Social Work,Complutense University of Madrid,4,1
33, Biomedical  Engineering,University of Toronto,3,1
33, Statistics,University of Chicago,2,0
33,Analysis and Management of the Artistic Heritage,Universitat Autònoma de Barcelona,4,1
33,Architecture,Technische Universität Berlin (TU Berlin),1,0
33,Business Administration,University of Cologne,2,0
33,Business Administration and Management,Universitat Autònoma de Barcelona,4,1
33,Business Finance,Complutense University of Madrid,5,1
33,"Business Management, Marketing and Accounting Research",Complutense University of Madrid,5,1
33,Business Research,Universitat de Barcelona,5,1
33,Business Strategy,Universitat de Valencia,3,1
33,Contemporary International History,University of Toronto,2,0
33,Criminology,Holy Spirit University of Kaslik,2,0
33,Economics,University of Toronto,3,0
33,Economics and Business Administration,Universitat Autònoma de Barcelona,5,1
33,History & Philosophy of Science & Technology,University of Toronto,3,0
33,Management Information System,Beirut Arab University,1,0
33,Management and Technology,Comillas Pontifical University,5,1
33,Prosthodontics and Esthetic Dentistry,Beirut Arab University,1,0
34, Information,University of Toronto,1,0
34,Accounting,American University of Science and Technology,3,0
34,Advanced Paleontology,Complutense University of Madrid,1,0
34,Biomedical Research,University of Navarra,2,0
34,Bioresource Engineering (Thesis),McGill University,3,1
34,Business Information Systems,University of Göttingen,3,0
34,Cell and Developmental Biology ,University of British Columbia,4,1
34,Finance ,American University of Science and Technology,2,0
34,Forensic Science,American University of Science and Technology,1,0
34,International Management,Comillas Pontifical University,1,0
34,Kinesiology ,University of British Columbia,5,1
34,Microbiology and Immunology ,University of British Columbia,5,1
34,Microbiology and Immunology (Thesis),McGill University,5,1
34,Neuroscience ,University of British Columbia,5,1
34,Neuroscience (Thesis),McGill University,5,1
34,Otolaryngology (Thesis),McGill University,4,1
34,Pharmaceutical Marketing,Saint Joseph University of Beirut,3,0
34,Science in biomadical engineering,Rafik Hariri  University,1,0
35, Fiber Science,Cornell University,1,0
35, Urban Sociology,University of Pennsylvania,2,0
35,Biological & Agricultural,McGill University,2,0
35,Computer  Engineering,Johns Hopkins University,1,0
35,Criminology and Public Prevention Policies,Universitat Pompeu Fabra (Barcelona),4,1
35,Educational Psychology,Universitat Autònoma de Barcelona,5,1
35,Educational Science,Universität Hamburg,3,0
35,Genetics,Universitat Autònoma de Barcelona,2,0
35,Interprofessional Health Care,Universität Heidelberg,1,0
35,Legal and Forensic Psychology,Universitat Autònoma de Barcelona,3,1
35,Psychology,Comillas Pontifical University,5,1
35,Psychology,Complutense University of Madrid,5,1
35,Psychology,University of Toronto,1,0
35,Research in Clinical Psychology and Health,Universitat Autònoma de Barcelona,1,0
35,Social Work,Complutense University of Madrid,3,1
35,Studio Arts ,American University of Beirut ,2,0
36, Anthropology,Cornell University,3,0
36, Degree Completion,University of Michigan-Ann Arbor,4,1
36,Biological/Bio Engineering,Massachusetts Institute of Technology (MIT),2,0
36,Education,University of British Columbia,2,0
36,Education Policy,University of Pennsylvania,3,1
36,Education Studies,Universität Heidelberg,4,1
36,"Education, Culture, and Society",University of Pennsylvania,5,1
36,Educational Science,Universität Hamburg,5,1
36,Higher Education,University of Pennsylvania,4,1
36,Human Nutrition and Dietetics  Diploma in Sports Nutrition,University of Navarra,2,0
36,Industrial Technologies Engineering and Industrial Engineering,Universidad Carlos III de Madrid (UC3M),3,0
36,International Educational Development,University of Pennsylvania,5,1
36,Jewish Studies,University of Chicago,2,0
36,Manufacturing  Engineering ,University of British Columbia,1,0
36,Teacher in Early Childhood Education,Complutense University of Madrid,1,0
37, French Language and Literature ,Unversity of Balamand ,3,0
37, Health and Exercise Sciences ,University of British Columbia,5,1
37, Physical Therapy,University of Toronto,5,1
37, Physical Therapy (Non-Thesis),McGill University,5,1
37,Bio Analytic Toxicology,American University of Science and Technology,2,0
37,Chemistry,Holy Spirit University of Kaslik,1,0
37,Chemistry,University of Cologne,2,0
37,Exercise and Sports Science,Universität Hamburg,1,0
37,Formal Methods in Computer Engineering,Complutense University of Madrid,3,0
37,General Musicology of Modal Traditions ,Antoine University,3,1
37,Information Communications Technology,American University of Science and Technology,3,0
37,Kinesiology,McGill University,5,1
37,Kinesiology,University of British Columbia,5,1
37,Physical Conditioning,Unversity of Balamand,2,0
37,Professional Kinesiology,University of Toronto,5,1
37,Religious Sciences,Holy Spirit University of Kaslik,2,0
38,Account Auditing and Higher Accounting,Comillas Pontifical University,2,0
38,Architecture,"KIT, Karlsruhe Institute of Technology",4,1
38,Architecture,Technical University of Munich,5,1
38,Architecture,Technische Universität Berlin (TU Berlin),5,1
38,Architecture ,Technical University of Darmstadt,4,1
38,Education,Notre Dame University ,1,0
38,Epistemology of Natural and Social Sciences,Complutense University of Madrid,3,0
38,Guitar,University of British Columbia,1,0
38,Health Administration ,University of British Columbia,2,0
38,International Affairs,Comillas Pontifical University,1,0
38,Library and Information Studies ,University of British Columbia,1,0
38,Medical Physics,Universitat de Valencia,3,0
38,Musical Applications of Technology,McGill University,2,0
38,Musicology,Universität Heidelberg,5,1
39, Human Resource Management and Development,New York University (NYU),1,0
39, Public Health Combined Degree ,Northwestern University,5,1
39, Public Health Global Health Track,Yale University,5,1
39, Public Health Policy Track,Yale University,5,1
39, Public Health in Biostatistics,Yale University,5,1
39,Advanced Studies in Political Communication,Complutense University of Madrid,1,0
39,Biomedical  Engineering,Yale University,4,1
39,Biomedical Engineering,Cornell University,5,1
39,Business and Economic Education,Goethe-University Frankfurt am Main,1,0
39,Care Philosophies,Universitat Autònoma de Barcelona,3,0
39,Communications and Electronics Engineering,Beirut Arab University,2,0
39,Global East Asian Studies,Universitat Autònoma de Barcelona,1,0
39,Hispanic American Literature,Complutense University of Madrid,2,0
39,Periodontology,Beirut Arab University,1,0
39,Public Health Applied Biostatistics and Epidemiology Track,Yale University,5,1
39,Public Health Preventive Medicine Track,Yale University,4,1
39,Speech Therapy,Complutense University of Madrid,2,0
40,Aerospace Engineering,Universitat Politècnica de Catalunya · BarcelonaTech (UPC),5,1
40,Applied Artificial Intelligence,Universidad Carlos III de Madrid (UC3M),2,0
40,Automatic Systems and Industrial Electronics Engineering,Universitat Politècnica de Catalunya · BarcelonaTech (UPC),4,1
40,Building,Universidad Autónoma de Madrid (UPM),4,1
40,Business Legal Advice,Universidad Carlos III de Madrid (UC3M),2,0
40,Business Mathematics,Technische Universität Berlin (TU Berlin),3,0
40,Civil Engineering,Universidad Autónoma de Madrid (UPM),3,1
40,Civil Liability,Universidad Carlos III de Madrid (UC3M),5,1
40,European Economic Governance,Universidad Carlos III de Madrid (UC3M),3,0
40,Geological Engineering,Complutense University of Madrid,3,1
40,Integrated Climate System Sciences,Universität Hamburg,3,0
40,Interior Architecture,Holy Spirit University of Kaslik,2,0
40,Management Engineering,Universitat Politècnica de Catalunya · BarcelonaTech (UPC),3,1
40,Mechanical Engineering,"KIT, Karlsruhe Institute of Technology",2,0
40,Mechanical Engineering,Universitat Politecnica de Valencia,5,1
40,Mechatronics and Biomechanical Engineering,Technical University of Munich,1,0
40,Opera and Voice (Thesis),McGill University,2,0
41, Landscape Architecture,Cornell University,3,0
41,Anthropology,McGill University,3,0
41,Behavior and Social Sciences,IE University,1,0
41,Comprehensive Design ,IE University,3,1
41,Design de Mode,Unversity of Balamand ,2,0
41,Intervention and Social Work,Holy Spirit University of Kaslik,1,0
41,Neuro Cognitive Psychology,Ludwig-Maximilians-Universität München,4,1
41,Pharmacy,Complutense University of Madrid,2,0
41,Psychology,Freie Universitaet Berlin,4,1
41,Psychology,Haigazian University,4,1
41,Psychology,Ludwig-Maximilians-Universität München,4,1
41,Psychology,Saint Joseph University of Beirut,5,1
41,Psychology,Universität Hamburg,4,1
41,Psychology,Universität Heidelberg,5,1
41,Psychology ,Goethe-University Frankfurt am Main,4,1
41,Translation and Interpretation,Complutense University of Madrid,2,0
42, Information Studies (Non-Thesis),McGill University,3,1
42, Information Systems and Artificial Intelligence for Business and Management  and Management,Johns Hopkins University,5,1
42, Jewish Studies (Thesis),McGill University,2,0
42, Teaching and Learning (Non-Thesis),McGill University,3,0
42,Applied Urban Science and Informatics,New York University (NYU),5,1
42,Audiovisual Translation,Universitat Autònoma de Barcelona,2,0
42,Biomedical Informatics ,Stanford University,3,1
42,Computer Science,California Institute of Technology (Caltech),3,1
42,Computer Science,Goethe-University Frankfurt am Main,2,0
42,Computer Science,Stanford University,5,1
42,Computer Science &  Engineering,Massachusetts Institute of Technology (MIT),5,1
42,Dental Laboratory Technology ,Antoine University,1,0
42,Food Analysis and Safety,Beirut Arab University,3,0
42,Food Processing,Unversity of Balamand ,2,0
42,Information Science,Cornell University,5,1
42,Integrated Computer Science,University of British Columbia,2,0
42,Music and Health Sciences,University of Toronto,2,0
42,Network Systems,Columbia University,5,1
42,Software  Engineering,Harvard University,4,1
43, History of Art,Cornell University,3,0
43,Biochemistry,Complutense University of Madrid,1,0
43,Bioinformatics,Freie Universitaet Berlin,4,1
43,Computer Engineering,Technische Universität Berlin (TU Berlin),3,1
43,Computer Engineering,Universität Heidelberg,4,1
43,Computer Science,Eberhard Karls Universität Tübingen,5,1
43,Computer Science,Freie Universitaet Berlin,3,1
43,Computer Science (BSc) (Okanagan Campus),University of British Columbia,1,0
43,Computing in Science,Universität Hamburg,3,1
43,German Language and Literature,Universidad de Sevilla,2,0
43,Human Computer Interaction,Universität Hamburg,3,1
43,Intelligent Adaptive Systems,Universität Hamburg,4,1
43,Management Information Systems,University of British Columbia,1,0
43,Modern Language and Literature,Universitat de Barcelona,1,0
43,Music History,McGill University,3,0
43,Political Science,University of British Columbia,3,0
43,Pre-Medical ,Unversity of Balamand ,3,1
44, Physical Geography ,McGill University,2,0
44,Advanced Materials,Universitat de Barcelona,4,1
44,Chemical  Engineering,University of British Columbia,2,0
44,Chemistry,Universitat Autònoma de Barcelona,4,1
44,Chemistry,University of Navarra,5,1
44,Chemistry,University of Pennsylvania,4,1
44,Computational Mathematics and Data Analytics,Universitat Autònoma de Barcelona,5,1
44,Education: Secondary,University of British Columbia,3,0
44,"Electrochemistry, Science and Technology",Universitat Autònoma de Barcelona,5,1
44,Financial Mathematics,University of Chicago,2,0
44,Geology,Universitat Autònoma de Barcelona,3,1
44,Healthcare Information Systems Program ,Rafik Hariri  University ,3,0
44,Interdisciplinary Studies,University of British Columbia,2,0
44,Physics,Universitat de Barcelona,5,1
44,Physics,Universität Stuttgart,2,0
44,Theatre: Design and Production,University of British Columbia,1,0
45, Civil  Engineering,University of Toronto,2,0
45, Health Policy,Yale University,3,0
45, Seniors Care ,University of British Columbia,1,0
45,Comparing African Languages and Cultures,Universität Hamburg,1,0
45,Design Galenic and Manufacturing in the Pharmaceutical Industry,University of Navarra,1,0
45,Energy Systems  Engineering,University of Michigan-Ann Arbor,2,0
45,English (Non-Thesis),McGill University,4,1
45,English (Thesis),McGill University,5,1
45,English Linguistics,Complutense University of Madrid,5,1
45,English for Secondary School,Modern University for Business and Science,2,0
45,French ,University of British Columbia,4,1
45,Hispanic Studies (Non-Thesis),McGill University,4,1
45,Hispanic Studies (Thesis),McGill University,4,1
45,Linguistics (Thesis),McGill University,4,1
45,Math for Secondary School,Modern University for Business and Science,3,0
45,Mechanical & Industrial  Engineering,University of Toronto,2,0
45,Project Management,Jinan University,2,0
45,Science of Religion,Universidad Carlos III de Madrid (UC3M),5,1
45,Sciences of Religions,Complutense University of Madrid,4,1
46,Aeronautical Engineering,Universidad Autónoma de Madrid (UPM),5,1
46,Aeronautics and Astronautics,Stanford University,2,0
46,Aerospace Engineering,Universidad Autónoma de Madrid (UPM),5,1
46,Aerospace Engineering,Universidad Carlos III de Madrid (UC3M),5,1
46,Applied Computer Science ,University of Göttingen,2,0
46,Computer Science,Princeton University,1,0
46,Marine Technologies,Universitat Politècnica de Catalunya · BarcelonaTech (UPC),5,1
46,Mathematics ,Friedrich-Alexander-Universität Erlangen-Nürnberg,2,0
46,Modern European Studies,University of British Columbia,1,0
46,Nautical Science and Maritime Transport,Universitat Politècnica de Catalunya · BarcelonaTech (UPC),4,1
46,Operations Management,McGill University,2,0
46,Physical Therapy,Islamic University of Lebanon,2,0
46,Physics,California Institute of Technology (Caltech),1,0
46,Postgraduate Diploma in Traffic Safety,Modern University for Business and Science,1,0
46,Russian and East European Studies,University of Chicago,2,0
47,Arabic Language and Literature,Saint Joseph University of Beirut,5,1
47,Art History (Thesis),McGill University,3,1
47,Biology and Society,Cornell University,2,0
47,Civil Engineering,Technische Universität Berlin (TU Berlin),2,0
47,Classics,McGill University,5,1
47,Economics,Universitat Pompeu Fabra (Barcelona),1,0
47,Embedded Systems Engineering,Albert-Ludwigs-Universitaet Freiburg,2,0
47,French Language and Literature,Islamic University of Lebanon,5,1
47,German Language and Literature,Universität Hamburg,1,0
47,History,Haigazian University,3,1
47,History (Thesis),McGill University,3,1
47,Islamic Studies,Islamic University of Lebanon,4,1
47,Islamic Studies (Thesis),McGill University,3,1
47,Mathematics,University of Granada,3,0
47,Medical Engineering ,Goethe-University Frankfurt am Main,2,0
47,Physiotherapy,University of Salamanca,2,0
47,Political Philosophy,Universitat Pompeu Fabra (Barcelona),2,0
47,Primary Education,Universitat Autònoma de Barcelona,1,0
47,Theological Sciences and Pastoral Studies ,Antoine University,4,1
48,Arabic for Elementary School,Modern University for Business and Science,3,0
48,Art Education ,University of British Columbia,5,1
48,Curriculum and Leadership ,University of British Columbia,5,1
48,Education Policy,University of Pennsylvania,4,1
48,"Education, Culture, and Society",University of Pennsylvania,5,1
48,Educational Technology ,University of British Columbia,4,1
48,English Language Teaching,Unversity of Balamand,2,0
48,Film and Television,Universidad Carlos III de Madrid (UC3M),1,0
48,Health Education,Jinan University,2,0
48,Higher Education,University of Pennsylvania,4,1
48,Hispanic American Literature,Complutense University of Madrid,2,0
48,Industrial Processes Engineering,Unversity of Balamand ,2,0
48,International Educational Development,University of Pennsylvania,3,1
48,Physiotherapy of Physical Activities and Sport,Saint Joseph University of Beirut,2,0
48,Restoration of Ecosystems,Complutense University of Madrid,2,0
48,Social Studies Education ,University of British Columbia,5,1
48,Special Education ,University of British Columbia,5,1
49, Global Contexts,McGill University,2,0
49, Human Resources Management,New York University (NYU),5,1
49, International Business and Management  and Management and Global Management,New York University (NYU),5,1
49,Artificial Intelligence,Universitat Politècnica de Catalunya · BarcelonaTech (UPC),2,0
49,Biology,Holy Spirit University of Kaslik,3,0
49,Business Administration,Universität Hamburg,5,1
49,Business and Management  and Management and Technology,University of Pennsylvania,5,1
49,Chemical and Biomolecular  Engineering,Johns Hopkins University,2,0
49,Electrical Engineering,Notre Dame University ,3,0
49,Finance,Harvard University,5,1
49,Finance,Johns Hopkins University,2,0
49,Health Care Markets and Finance,University of Pennsylvania,5,1
49,Hospitality Management major,Haigazian University,2,0
49,Information Management Systems,Harvard University,5,1
49,Journalism,Universitat de Valencia,3,0
49,Management,Harvard University,4,1
50,Access to the Legal Profession and the Attorney,Comillas Pontifical University,3,0
50,Advanced Studies in Labor and Employment,Complutense University of Madrid,2,0
50,Applied Urban Science and Informatics,New York University (NYU),1,0
50,Classical Studies,Universidad Autónoma de Madrid,2,0
50,Computer Engineering,Universidad Autónoma de Madrid,3,0
50,Computer Engineering,Universität Heidelberg,3,1
50,Computer Science,Goethe-University Frankfurt am Main,5,1
50,Computer Science,Universität Heidelberg,5,1
50,Computer Science ,Technical University of Darmstadt,4,1
50,Computing and the Arts,Yale University,2,0
50,Data and Computer Science,Universität Heidelberg,4,1
50,Degree of Training Permanent in Matrimonial and Canonical Procedural Law,University of Navarra,1,0
50,Economic Systems,Freie Universitaet Berlin,5,1
50,Medical Informatics,Universität Heidelberg,4,1
50,Organisational and Logistics Engineering,Universitat Politecnica de Valencia,1,0
50,Psychopharmacology and Drugs of Abuse,Complutense University of Madrid,3,0
50,Software Engineering,Ludwig-Maximilians-Universität München,3,1
51,Audiovisual Communication for the Digital Age,Complutense University of Madrid,1,0
51,Communication and Society in Ibero-America,Universität Heidelberg,4,1
51,French Literature,Saint Joseph University of Beirut,1,0
51,Journalism,Ludwig-Maximilians-Universität München,4,1
51,Journalism and Communication Science,Universität Hamburg,4,1
51,Liberal Arts ,Harvard University,2,0
51,Mechanical Engineering,Lebanese International University,3,0
51,Media and Communication Studies,Universität Hamburg,4,1
51,Microbiology,Universitat Autònoma de Barcelona,2,0
51,Political Science and Public Management,Universitat Autònoma de Barcelona,3,0
51,Radio & Television,Jinan University,1,0
51,Social Work,Modern University for Business and Science,2,0
51,Sociology ,University of British Columbia,1,0
52, Physical Theory and Experimental Technique,University of Pennsylvania,5,1
52, Physics and Astronomy,Johns Hopkins University,4,1
52,Advertising In Journalism and Radio/TV,Antoine University,1,0
52,Applied Physics,Stanford University,5,1
52,Applied Physics,Yale University,5,1
52,Architecture,American University of Beirut ,3,1
52,Biology,University of Granada,2,0
52,Biophysics,University of Pennsylvania,3,1
52,French and Romance Studies,Universität Heidelberg,2,0
52,Geology and Geophysics,Yale University,5,1
52,Mathematics,Massachusetts Institute of Technology (MIT),5,1
52,Mathematics,Yale University,4,1
52,Medicine,University of Salamanca,3,0
52,Pharmacy,University of British Columbia,2,0
52,Physics,Beirut Arab University,2,0
52,Physics,California Institute of Technology (Caltech),5,1
52,Physics,University of Chicago,5,1
52,Statistics and Business,Universidad Carlos III de Madrid (UC3M),1,0
52,physics,Massachusetts Institute of Technology (MIT),5,1
53,Bioethics Law(Thesis),McGill University,5,1
53,Common Law,University of British Columbia,5,1
53,Economic Analysis,Universitat Autònoma de Barcelona,2,0
53,Economics and Business Organization,University of Granada,2,0
53,Electric Power Systems and Drives,Universitat Politècnica de Catalunya · BarcelonaTech (UPC),1,0
53,Enterprise Law,Universitat Autònoma de Barcelona,1,0
53,Environment Law(Thesis),McGill University,4,1
53,Food Chemistry,Universität Hamburg,2,0
53,"Gender, Race, Sexuality, and Social Justice",University of British Columbia,5,1
53,"Gender, Sexuality, Feminist and Social Justice Studies",McGill University,4,1
53,International Criminology,Universität Hamburg,1,0
53,Law (Non-Thesis),McGill University,4,1
53,Law (Thesis),McGill University,4,1
53,Optometry and Vision,Complutense University of Madrid,2,0
53,Tax Consultancy,University of Navarra,2,0
53,Taxation,University of British Columbia,4,1
54, Dependable Software Systems ,University of British Columbia,5,1
54, Land and Water Systems,University of British Columbia,4,1
54, Software Systems,Columbia University,3,1
54,Advanced Human Rights Studies,Universidad Carlos III de Madrid (UC3M),1,0
54,Anthropology,Universitat Autònoma de Barcelona,2,0
54,Archaeology,Universitat de Valencia,2,0
54,Computer  Engineering,Johns Hopkins University,5,1
54,Computer Science ,Stanford University,3,1
54,Computer Techniques,University of Pennsylvania,5,1
54,Cybersecurity,Comillas Pontifical University,2,0
54,Information Science,Cornell University,4,1
54,Information Technology,Lebanese International University,2,0
54,"Logic, Information, and Computation",University of Pennsylvania,3,1
54,Robotics,Johns Hopkins University,4,1
54,Software Engineering,Ludwig-Maximilians-Universität München,1,0
54,Thermal Engineering,Universitat Politècnica de Catalunya · BarcelonaTech (UPC),3,0
54," Urban Planning, Policy ",American University of Beirut ,3,0
55, Biology (Thesis),McGill University,5,1
55, Religion and Ecology,Yale University,2,0
55,Advanced Genetics,Universitat Autònoma de Barcelona,3,1
55,Aquaculture,Universitat Autònoma de Barcelona,5,1
55,Architecture,University of Navarra,3,1
55,Biotechnology,Universidad Autónoma de Madrid,4,1
55,Chemical  Engineering,New York University (NYU),3,0
55,Hospital Clinical Optometry,Complutense University of Madrid,3,0
55,Languages and Translation,Unversity of Balamand ,2,0
55,Law,"University of California, Berkeley (UCB)",2,0
55,Medical Genetics ,University of British Columbia,2,0
55,Medical Physiology,Beirut Arab University,3,0
55,Microbiology,University of British Columbia,2,0
55,Microbiology and Immunology (Thesis),McGill University,4,1
55,Neuroscience (Thesis),McGill University,4,1
55,Neurosciences,Universitat Autònoma de Barcelona,5,1
55,Otolaryngology (Thesis),McGill University,5,1
55,Parasitology (Thesis),McGill University,3,1
55,Pathology (Thesis),McGill University,5,1
55,Seniors Care,University of British Columbia,2,0
56, Analytics (Non-Thesis),McGill University,2,0
56, Epidemiology (Thesis),McGill University,1,0
56,Archaeology,Universitat de Barcelona,3,1
56,Computer Graphics and Interactive Media,Unversity of Balamand ,2,0
56,Economic History,Universitat Autònoma de Barcelona,4,1
56,Economics,University of Toronto,2,0
56,Electrical Power and Machines Engineering,Beirut Arab University,2,0
56,French Language and Literature,Beirut Arab University,4,1
56,History of Art,University of Pennsylvania,1,0
56,Islamology,Saint Joseph University of Beirut,5,1
56,Literary Studies,Complutense University of Madrid,5,1
56,Medieval European Identity,Universitat Autònoma de Barcelona,3,1
56,Modern Language and Literature,Universitat de Barcelona,4,1
56,Philosophy and Modern Culture,Universidad de Sevilla,3,0
56,Philosophy in Human Condition and Transcendence,Comillas Pontifical University,1,0
56,Shariaa and islamic studies,Jinan University,4,1
56,Social Policy and Community Action,Universitat Autònoma de Barcelona,1,0
56,Translation,Saint Joseph University of Beirut,3,1
57, Civil  Engineering,Columbia University,4,1
57, Environmental  Engineering,Yale University,3,1
57, Forest Conservation,University of Toronto,2,0
57, Operations Research and Information Engineering,Cornell University,5,1
57,Analytical Chemistry and Quality Control,Beirut Arab University,3,0
57,Chemical  Engineering,New York University (NYU),4,1
57,Ecology and Systematics ,Ludwig-Maximilians-Universität München,2,0
57,Educational Administration and Leadership ,University of British Columbia,3,0
57,Executive Program in Data Center Management,Comillas Pontifical University,3,0
57,Industrial Engineering,Universidad Carlos III de Madrid (UC3M),1,0
57,Materials  Engineering,University of British Columbia,1,0
57,Materials Science and  Engineering,Stanford University,5,1
57,Mechanical  Engineering,Massachusetts Institute of Technology (MIT),5,1
57,Mechanical  Engineering,Stanford University,4,1
57,Psychopedagogy,Complutense University of Madrid,1,0
57,"Society, Culture and Politics in Education ",University of British Columbia,3,0
57,Software  Engineering,Harvard University,4,1
57,Specialist Biblical Spirituality,Comillas Pontifical University,1,0
58, Atmospheric Science,Cornell University,2,0
58,Architecture,Yale University,3,0
58,Biology and Society,Cornell University,1,0
58,Computer Science & Engineering ,American University of Beirut ,3,1
58,Education Elementary,Haigazian University,1,0
58,Education Studies,Universitat Autònoma de Barcelona,4,1
58,"Gender, Sexuality, Feminist and Social Justice Studies",McGill University,3,0
58,Kinesiology and Physical Education (Thesis),McGill University,5,1
58,Music Education (Non-Thesis),McGill University,4,1
58,Music Education (Thesis),McGill University,4,1
58,Nursing,Modern University for Business and Science,2,0
58,Nursing,Pheonicia University ,2,0
58,Pedagogy,University of Navarra,3,0
58,Physical and Sports Education,Lebanese International University,2,0
58,Primary Education,Universitat Autònoma de Barcelona,5,1
58,Second Language Education (Thesis),McGill University,5,1
58,Teacher in Early Childhood Education and Teacher in Primary Education,Complutense University of Madrid,4,1
59, Mechanical  Engineering,Cornell University,2,0
59,American History Culture and Society,Ludwig-Maximilians-Universität München,3,1
59,American Studies,Universität Heidelberg,3,1
59,Ancient History,Universität Heidelberg,4,1
59,Biomedical Sciences,Universidad Carlos III de Madrid (UC3M),2,0
59,Computer Science,Saint Joseph University of Beirut,1,0
59,English Studies,Ludwig-Maximilians-Universität München,5,1
59,History ,Goethe-University Frankfurt am Main,4,1
59,Languages and Cultures of India and Tibet,Universität Hamburg,4,1
59,Logic and Philosophy of Science,Ludwig-Maximilians-Universität München,3,1
59,MD Program ,Unversity of Balamand ,2,0
59,Medical Laboratory Analysis,Saint Joseph University of Beirut,1,0
59,Medicine,Universitat Autònoma de Barcelona,2,0
59,Religious Studies,Universität Heidelberg,5,1
59,Russian and East European Studies,Yale University,2,0
59,Spanish,Universität Hamburg,5,1
59,"Urban, Rural, and Regional Dynamics",University of British Columbia,1,0
60, Dental Hygiene,University of Michigan-Ann Arbor,4,1
60, Real Estate and Infrastructure,Johns Hopkins University,3,0
60,Animal Production and Health,Complutense University of Madrid,2,0
60,Bioethics,Columbia University,3,1
60,Bioinformatics,Universität Hamburg,3,1
60,Biological and Medical Sciences,Saint Joseph University of Beirut,4,1
60,Biomedical  Engineering,Northwestern University,4,1
60,Biomedical  Engineering,Yale University,5,1
60,Business Informatics,Goethe-University Frankfurt am Main,2,0
60,Endodontology,Beirut Arab University,5,1
60,History of Science and Medicine,Yale University,4,1
60,Integrative Learning Therapy ,Universität Hamburg,2,0
60,International Defense and Security Policy,Complutense University of Madrid,2,0
60,Mathematical Physics,Universität Hamburg,1,0
60,Medical Physics,Beirut Arab University,5,1
60,Nursing Sciences,Antoine University,5,1
60,Pharmacy,Universitat Ramon Llull,2,0
60,Pharmacy Practice,Beirut Arab University,3,1
60,Public Health,University of Pennsylvania,5,1
60,Public Health Combined Degree,Northwestern University,3,1
60,Veterinary Medicine,Universitat Autònoma de Barcelona,2,0
61,Biomedical Engineering,Holy Spirit University of Kaslik,2,0
61,Communication and Society in Ibero-America,Universität Heidelberg,4,1
61,"Education, Concentration: Teaching and pedagogical counseling",Saint Joseph University of Beirut,1,0
61,Information and Communication Technology,Friedrich-Alexander-Universität Erlangen-Nürnberg,4,1
61,Interuniversity Research of Law of Culture,Universidad Carlos III de Madrid (UC3M),2,0
61,Journalism,Ludwig-Maximilians-Universität München,5,1
61,Journalism and Communication Science,Universität Hamburg,4,1
61,Media Studies,Universität Hamburg,5,1
61,Media and Communication Studies,Universität Hamburg,5,1
61,Multimedia Engineering,Universitat de Valencia,1,0
61,Public Policy ,University of Chicago,2,0
61,Research Methodology in Social Sciences,Complutense University of Madrid,3,0
61,Science in Computer and Communication Engineering,Rafik Hariri  University,2,0
61,Specialization in Human Dimensions of Environment,Yale University,3,0
62, Cell Biology (Thesis),McGill University,3,1
62, Kinesiology ,University of British Columbia,4,1
62, Otolaryngology (Thesis),McGill University,4,1
62, Social Work,University of Toronto,1,0
62,Biochemistry (Thesis),McGill University,4,1
62,Biology (Thesis),McGill University,5,1
62,Bioresource Engineering (Thesis),McGill University,5,1
62,Computer Graphics and Interactive Media,Unversity of Balamand ,2,0
62,General Science,University of British Columbia,2,0
62,Jewish Studies,Universität Heidelberg,1,0
62,Molecular Biotechnology,Universität Heidelberg,2,0
62,Neuroscience ,University of British Columbia,4,1
62,Reproductive and Developmental Sciences ,University of British Columbia,5,1
62,School Library and Reading Promotion,Universitat Autònoma de Barcelona,2,0
62,Science in biomadical engineering,Rafik Hariri  University ,3,0
62,Vocal Studies,University of Toronto,1,0
63, English,Cornell University,5,1
63, Latin American Studies,University of Chicago,5,1
63, Linguistics,University of Chicago,3,1
63,Advertising and Marketing,Notre Dame University ,2,0
63,Architecture ,University of British Columbia,1,0
63,Creative Writing & Literature,Harvard University,4,1
63,English,Harvard University,4,1
63,English Studies,Complutense University of Madrid,1,0
63,History,Harvard University,4,1
63,History of Art,University of Pennsylvania,5,1
63,Human Nutrition and Dietetics,Universitat de Barcelona,2,0
63,Medicine,Universidad de Sevilla,3,0
63,Mining Engineering,McGill University,1,0
63,Psychology ,University of British Columbia,2,0
63,Quebec Studies,McGill University,2,0
63,Teacher in Primary Education,Complutense University of Madrid,1,0
63,Urban Forestry,University of British Columbia,2,0
64, Community and Regional Planning ,University of British Columbia,1,0
64, Engineering Physics,Cornell University,1,0
64, International Forestry ,University of British Columbia,1,0
64,Archaeology,Universitat de Valencia,5,1
64,Classical Languages and Literature,University of Pennsylvania,5,1
64,Classical Studies,University of Pennsylvania,3,1
64,Creative Writing & Literature,Harvard University,4,1
64,Cultural Studies,McGill University,2,0
64,Cultural Theory and Criticism,Universidad Carlos III de Madrid (UC3M),5,1
64,Discourse Studies,Universitat Autònoma de Barcelona,4,1
64,Engineering Management and Energy Studies,American University of Beirut ,3,0
64,Ethics and Democracy,Universitat de Valencia,4,1
64,Evolutionary Biology,Ludwig-Maximilians-Universität München,1,0
64,Food Analysis and Safety,Beirut Arab University,2,0
64,Industrial Engineering,Comillas Pontifical University,1,0
64,Italian,Yale University,1,0
64,Laws in German Law,Universität Hamburg,2,0
64,Literary and Cultural Theory,University of Pennsylvania,3,1
64,North American Studies,Complutense University of Madrid,5,1
65,Biology  Science and Business ,University of Navarra,2,0
65,Communication and Society in Ibero-America,Universität Heidelberg,5,1
65,Computer Science,"University of California, Berkeley (UCB)",3,0
65,Computer and Communication Engineering,Islamic University of Lebanon,1,0
65,Financial Sciences,Lebanese International University,3,1
65,Journalism,Ludwig-Maximilians-Universität München,5,1
65,Journalism,Northwestern University,1,0
65,Journalism and Communication Science,Universität Hamburg,4,1
65,Media and Communication Studies,Universität Hamburg,5,1
65,Medical Laboratory Technology ,Notre Dame University ,2,0
65,Modern Languages and Translation,Holy Spirit University of Kaslik,1,0
65,Optics and Optometry,Universitat Politècnica de Catalunya · BarcelonaTech (UPC),2,0
66,?Neuroscience,American University of Beirut ,2,0
66,Banking and Finance,Antoine University,2,0
66,Business Analytics,Comillas Pontifical University,4,1
66,Computational Social Science,Universidad Carlos III de Madrid (UC3M),5,1
66,Computer Vision,Universitat Politècnica de Catalunya · BarcelonaTech (UPC),4,1
66,"Data Analysis, Process Improvement and Decision Support Engineering",Universitat Politecnica de Valencia,5,1
66,Data Engineering,Universitat Autònoma de Barcelona,5,1
66,Economics for Secondary School,Modern University for Business and Science,2,0
66,English Language and Literature,Beirut Arab University,3,0
66,Erasmus Mundus Big Data Management and Analytics (BDMA),Universitat Politècnica de Catalunya · BarcelonaTech (UPC),2,0
66,Greek and Classical Philology,Universität Heidelberg,3,0
66,Health Data Science,Universitat Autònoma de Barcelona,5,1
66,International Affairs,American University of Science and Technology,2,0
66,Islamology,Saint Joseph University of Beirut,1,0
66,Lifelong Learning in Airframe Technology,Universidad Carlos III de Madrid (UC3M),5,1
66,Permanent Training in Fundamental Rights,Universidad Carlos III de Madrid (UC3M),5,1
66,"Statistics, Measurement, Assessment, and Research Technology ",University of Pennsylvania,2,0
66,"Teacher Training for ESO and Baccalaureate Teacher Training, FP and Language Teaching",Complutense University of Madrid,5,1
67, Applied Immunology(non-thesis),University of Toronto,5,1
67,Advanced Nanoscience and Nanotechnology,Universitat Autònoma de Barcelona,3,1
67,Archaeological Research,Complutense University of Madrid,1,0
67,Biochemistry,Universidad Autónoma de Madrid,2,0
67,Biochemistry (Thesis),McGill University,5,1
67,Bioethics(Non-Thesis),McGill University,5,1
67,Biological Sciences,Northwestern University,2,0
67,Biology,Technical University of Munich,4,1
67,Biology,Universität Hamburg,4,1
67,Biology (Thesis),McGill University,4,1
67,Bioresource Engineering (Thesis),McGill University,5,1
67,Dental Laboratory Technology ,Antoine University,1,0
67,English ,University of British Columbia,2,0
67,Hospital Management,Islamic University of Lebanon,1,0
67,Microbiology and Immunology (Thesis),McGill University,4,1
67,Studio Art,University of Toronto,2,0
68,Advertising,Lebanese International University,3,1
68,Audiovisual Communication,Antoine University,4,1
68,Big Data,Comillas Pontifical University,2,0
68,Cinema,Saint Joseph University of Beirut,5,1
68,Clinical Education ,University of British Columbia,3,0
68,Communication and Society in Ibero-America,Universität Heidelberg,1,0
68,Counselling Psychology ,University of British Columbia,3,0
68,Digital Advertising,American University of Science and Technology,3,1
68,Global Development Practice,Harvard University,3,1
68,Green Chemistry,Universitat Politecnica de Valencia,1,0
68,Information And Communication,Saint Joseph University of Beirut,4,1
68,Mass Communication,Beirut Arab University,5,1
68,Political Science ,University of British Columbia,2,0
68,Public Health,Unversity of Balamand ,1,0
68,Rأ©alisation Cinأ©ma,Unversity of Balamand,4,1
68,Telecommunications Engineering and MBA,Comillas Pontifical University,1,0
68,Telecommunications Network Engineering,Universitat Pompeu Fabra (Barcelona),2,0
68,media studies,American University of Beirut ,4,1
69, Collaborative Piano,University of Toronto,3,0
69,Biology,American University of Beirut ,2,0
69,Biomedical Engineering,American University of Beirut ,2,0
69,Educational Administration and Leadership ,University of British Columbia,2,0
69,English as a World Language,Universität Hamburg,2,0
69,Fashion Management ,University of Navarra,2,0
69,Mathematics Education ,University of British Columbia,1,0
69,Nonprofit Leadership,University of Pennsylvania,5,1
69,Opera and Voice (Thesis),McGill University,3,0
69,Tourism,Complutense University of Madrid,4,1
69,Tourism,Universidad Carlos III de Madrid (UC3M),4,1
69,Tourism Guidance and Travel,Islamic University of Lebanon,1,0
69,Tourism Management in Cultural Heritage,Universitat Autònoma de Barcelona,5,1
69,Tourism Management of Cultural and Natural Resources,Universidad Carlos III de Madrid (UC3M),5,1
69,tourism and hospitality management,Unversity of Balamand,2,0
70,   Advanced Nursing (Non-Thesis),McGill University,5,1
70, Architecture ,University of Toronto,2,0
70,Architecture,"KIT, Karlsruhe Institute of Technology",1,0
70,Biological and Biomedical Engineering (Thesis),McGill University,4,1
70,Biomedical Engineering,Rafik Hariri  University,2,0
70,"Communication and Political Marketing, Comparative Politics - Arab World, Foreign Affairs and International Cooperation",Saint Joseph University of Beirut,1,0
70,Energy Engineering,Universitat Politècnica de Catalunya · BarcelonaTech (UPC),3,0
70,Energy Technologies for Sustainable Development,Universitat Politecnica de Valencia,2,0
70,Family Medicine (Thesis),McGill University,3,1
70,Family and Community Medicine,University of Toronto,5,1
70,Medical Engineering,Technical University of Darmstadt,2,0
70,Medical Radiation Physics (Thesis),McGill University,5,1
70,Nuclear Physics,University of Salamanca,2,0
70,Political Philosophy,Universitat Pompeu Fabra (Barcelona),2,0
70,Public Health ,University of British Columbia,5,1
70,Public Health (Non-Thesis),McGill University,4,1
70,"Telecommunications, Data Protection, Audiovisual and Information Society Law",Universidad Carlos III de Madrid (UC3M),2,0
71, Management Information Systems ,University of British Columbia,5,1
71,Architecture,Massachusetts Institute of Technology (MIT),2,0
71,Architecture,Princeton University,3,1
71,Assyriology,Universität Heidelberg,2,0
71,Bioinformatics ,University of British Columbia,5,1
71,Clinical Psychology,Islamic University of Lebanon,2,0
71,Computer Science,McGill University,5,1
71,Computer Science,Technische Universität Berlin (TU Berlin),1,0
71,Computer Science,University of British Columbia,5,1
71,Computer Science (Non-Thesis),McGill University,4,1
71,Computer Science (Thesis),McGill University,5,1
71,Computer Security,Columbia University,1,0
71,Connected Industry,Universidad Carlos III de Madrid (UC3M),2,0
71,Geographic Information Systems and Remote Sensing,McGill University,4,1
71,Health Informatics ,University of Toronto,4,1
71,Hospital Management,Islamic University of Lebanon,3,0
71,Human Resource Management,Universität Hamburg,1,0
71,Psychology,Universität Hamburg,1,0
72, Classics,Yale University,3,1
72, Physics and Astronomy,Johns Hopkins University,1,0
72, Sociology,Cornell University,2,0
72,Arabic Language and Literature,American University of Beirut ,3,1
72,Business Administration,Freie Universitaet Berlin,2,0
72,Combined Majors in Statistics ,University of British Columbia,1,0
72,Computer Engineering,Universitat de Barcelona,3,1
72,Creative Writing & Literature,Harvard University,4,1
72,Divinity,University of Chicago,3,1
72,History,Harvard University,4,1
72,Mineral  Engineering,University of Toronto,1,0
72,Religion,Harvard University,3,1
72,Religious Studies,University of British Columbia,1,0
72,Theological Sciences and Pastoral Studies ,Antoine University,5,1
72,Theology,Comillas Pontifical University,2,0
72,Translation,Islamic University of Lebanon,5,1
73, Dental Hygiene,University of Michigan-Ann Arbor,4,1
73, Italian (Thesis),McGill University,2,0
73, Public Health ,Yale University,3,1
73,Biomedical Engineering,Cornell University,4,1
73,Economics,American University of Beirut ,2,0
73,Financial and Fiscal Management,Universitat Politecnica de Valencia,2,0
73,Health Administration,Cornell University,3,1
73,History ,Friedrich-Alexander-Universität Erlangen-Nürnberg,1,0
73,Molecular Biomedicine,Rheinische Friedrich-Wilhelms-Universität Bonn,2,0
73,Nutrition,Cornell University,4,1
73,Occupational Health and Safety,Universitat Politècnica de Catalunya · BarcelonaTech (UPC),1,0
73,Operations Research,Columbia University,3,1
73,Public Health,"University of California, Berkeley (UCB)",3,1
73,Public Health,University of Pennsylvania,4,1
73,Public Health Preventive Medicine Track,Yale University,5,1
73,Reservoir Geology and Geophysics,Universitat Autònoma de Barcelona,2,0
73,Telecommunications Engineering and Smart Grids,Comillas Pontifical University,2,0
74, Public Health,Yale University,3,0
74,Aeronautical Engineering ,Unversity of Balamand ,2,0
74,Création Multimédia,Unversity of Balamand ,1,0
74,Industrial Electronics and Automation Engineering,Universitat Politecnica de Valencia,3,0
74,Latin American Studies,University of British Columbia,3,0
74,Linguistics and Applied Languages,Complutense University of Madrid,2,0
74,Mathematics,New York University (NYU),2,0
74,Mechanical  Engineering,Northwestern University,2,0
74,"Media, Communication and Journalism Sciences & Disorders (Non-Thesis)",McGill University,4,1
74,"Media, Communication and Journalism Sciences and Disorders (Thesis)",McGill University,5,1
74,"Media, Communication and Journalism Studies",McGill University,5,1
74,"Media, Communication and Journalism Studies (Thesis)",McGill University,3,1
74,"Multilingual Digital Media, Communication and Journalism (Non-Thesis)",McGill University,4,1
74,Telecommunication Engineering,Universitat Autònoma de Barcelona,2,0
74,Telecommunication Technologies Engineering,Universidad Carlos III de Madrid (UC3M),1,0
74,World Cinemas,McGill University,5,1
75, Divinity,University of Chicago,1,0
75, Music Education (Thesis),McGill University,2,0
75, Nonprofit Management,Columbia University,1,0
75,Biomedical Engineering,Technische Universität Berlin (TU Berlin),5,1
75,Biomedical Engineering,Universität Heidelberg,4,1
75,Building Constructions,Universitat Politecnica de Valencia,2,0
75,Chemical and Biological Engineering,Friedrich-Alexander-Universität Erlangen-Nürnberg,5,1
75,Creative Writing and Theatre,University of British Columbia,2,0
75,Educational Psychology,Complutense University of Madrid,3,0
75,Industrial Engineering,Universität Hamburg,4,1
75,Industrial Engineering and Management,"KIT, Karlsruhe Institute of Technology",4,1
75,Industrial Mechanics,Universidad Carlos III de Madrid (UC3M),2,0
75,Irrigation,American University of Beirut ,1,0
75,Mechanical Engineering,Technical University of Munich,3,1
75,Mechatronics and Biomechanical Engineering,Technical University of Munich,5,1
75,Microsystems Engineering,Albert-Ludwigs-Universitaet Freiburg,4,1
75,People Management in Organisations,University of Navarra,2,0
75,Telecommunications Engineering and Cybersecurity,Comillas Pontifical University,2,0
76,Adult Education and Community Development,University of Toronto,2,0
76,Advanced Materials,Universitat de Barcelona,4,1
76,Advanced Studies in Chemistry,Universidad de Sevilla,5,1
76,Computational Fluid Dynamics,Universitat Politecnica de Valencia,4,1
76,Computational Science,American University of Beirut ,2,0
76,Computer Graphics and Interactive Media,Unversity of Balamand ,3,0
76,Geology and Geophysics,Yale University,1,0
76,Industrial Engineeing,Beirut Arab University,1,0
76,Marketing and International Management,Antoine University,2,0
76,Mathematical Research,Universitat Politecnica de Valencia,4,1
76,Mathematics,Universitat de Barcelona,4,1
76,Nuclear Physics,University of Salamanca,5,1
76,Physics,Universitat de Barcelona,3,1
76,Statistics Program Information,"University of California, Berkeley (UCB)",2,0
76,Statistics and Operations Research,Universitat Politècnica de Catalunya · BarcelonaTech (UPC),5,1
76,Statistics and Social and Economic Indicators,Complutense University of Madrid,3,1
76,"Teaching in Secondary Schools, Vocational Training and Language Centres",Universitat Autònoma de Barcelona,2,0
77, Materials Science and  Engineering,Northwestern University,2,0
77,Dentistry,Technische Universität Dresden,4,1
77,Dentistry,Universität Heidelberg,3,1
77,Geography and Land Management,Universidad de Sevilla,1,0
77,Medicine,Universität Heidelberg,4,1
77,Mineral Resource Engineering and Mineral Recycling,Universitat Politècnica de Catalunya · BarcelonaTech (UPC),2,0
77,Molecular Biomedicine,Rheinische Friedrich-Wilhelms-Universität Bonn,5,1
77,Nutrition and Biomedicine,Technical University of Munich,4,1
77,Pharmacy,Beirut Arab University,5,1
77,Pharmacy,Universität Heidelberg,4,1
77,Pharmacy and Pharmaceutical Technology,Complutense University of Madrid,1,0
77,"Philosophy, Politics and Economy",University of Navarra,2,0
77,Physiotherapy,Saint Joseph University of Beirut,4,1
77,Plant Biology,McGill University,1,0
77,Surgery,University of British Columbia,2,0
77,Telecommunications Network Engineering,Universitat Pompeu Fabra (Barcelona),2,0
78, Occupational Therapy (MScOT),University of Toronto,2,0
78,Arabic Language and Literature,Saint Joseph University of Beirut,5,1
78,Chemical Engineering,Universitat Politècnica de Catalunya · BarcelonaTech (UPC),3,0
78,Chemistry,Universität Hamburg,2,0
78,English Studies,American University of Science and Technology,5,1
78,English Studies,Complutense University of Madrid,1,0
78,French Language and Literature,Islamic University of Lebanon,5,1
78,Islamic studies,American University of Beirut ,5,1
78,Journalism and Digital Content Innovation,Universitat Autònoma de Barcelona,2,0
78,Mechanical Engineering,Universität Stuttgart,2,0
78,Philosophy,Saint Joseph University of Beirut,4,1
78,Physics and Mathematics,University of Salamanca,2,0
78,Plant Protection,American University of Beirut ,2,0
78,Religious Sciences,Holy Spirit University of Kaslik,5,1
78,Remote Sensing and Geographical Information Systems,Universitat Autònoma de Barcelona,3,0
78,Speech Sciences,University of British Columbia,1,0
78,Theologica,Saint Joseph University of Beirut,5,1
78,Translation,American University of Science and Technology,4,1
78,Translation,Saint Joseph University of Beirut,4,1
79,Aerospace Engineering,Universidad Carlos III de Madrid (UC3M),3,0
79,Biologie ,Technical University of Darmstadt,5,1
79,Biology,Freie Universitaet Berlin,4,1
79,Biology,Technical University of Munich,4,1
79,Biology,Universität Hamburg,4,1
79,Bioresources Use,Universität Hamburg,5,1
79,Biotechnology and Entrepreneurship,New York University (NYU),2,0
79,Cell and Developmental Biology,University of British Columbia,1,0
79,Chemical  Engineering ,"University of California, Berkeley (UCB)",2,0
79,Classical Philology,Complutense University of Madrid,2,0
79,Dietetics,McGill University,2,0
79,Earth System Science,McGill University,1,0
79,Evolutionary Biology,Ludwig-Maximilians-Universität München,5,1
79,"Industrial Technologies, Agri-Food Industry Specialty",Comillas Pontifical University,2,0
79,International Health,Ludwig-Maximilians-Universität München,3,1
79,Mathmetics,American University of Beirut ,1,0
79,Molecular Life Sciences,Universität Hamburg,3,0
80, Statistics Program Information,"University of California, Berkeley (UCB)",1,0
80,Advanced Genetics,Universitat Autònoma de Barcelona,2,0
80,Audiovisual Communication,Antoine University,1,0
80,Biomedical  Engineering,Columbia University,2,0
80,Chemical and Biological Engineering,Friedrich-Alexander-Universität Erlangen-Nürnberg,1,0
80,Cinema and Media Studies ,University of British Columbia,4,1
80,Computer Communication Engineering,American University of Science and Technology,1,0
80,Film Production ,University of British Columbia,4,1
80,"Media, Communication and Journalism Sciences & Disorders (Non-Thesis)",McGill University,5,1
80,"Media, Communication and Journalism Sciences and Disorders (Thesis)",McGill University,3,1
80,"Media, Communication and Journalism Studies (Thesis)",McGill University,4,1
80,"Multilingual Digital Media, Communication and Journalism (Non-Thesis)",McGill University,5,1
80,Physics,American University of Beirut ,1,0
80,Software Development,University of Granada,1,0
81,Advertising and Public Relations,Complutense University of Madrid,1,0
81,Chemistry ,McGill University,2,0
81,Civil and Environmental Engineering,Pheonicia University ,5,1
81,Communications and Electronics Engineering,Beirut Arab University,5,1
81,Computational Linguistics,Universität Heidelberg,3,0
81,Computer Engineering,Holy Spirit University of Kaslik,5,1
81,Computer Science ,Technical University of Darmstadt,2,0
81,Criminology and Law,Universitat Autònoma de Barcelona,2,0
81,Erasmus Mundus Master of Science in Textile Engineering,Universitat Politecnica de Valencia,2,0
81,Financial Engineering,Notre Dame University ,4,1
81,Health Care Markets and Finance,University of Pennsylvania,2,0
81,Industrial Engineering,Beirut Arab University,5,1
81,Industrial Technology,Saint Joseph University of Beirut,4,1
81,Materials Engineering (Non-Thesis),McGill University,2,0
81,Mechanical Engineering,Beirut Arab University,4,1
81,Russian,McGill University,1,0
81,science in civil engineering,Rafik Hariri  University ,5,1
82, Seniors Care ,University of British Columbia,2,0
82,Applied Animal Biology ,University of British Columbia,3,1
82,Computational Analysis and Public Policy,University of Chicago,2,0
82,Criminology,University of Pennsylvania,5,1
82,Curriculum Studies ,University of British Columbia,3,0
82,Health Policy and Law,University of Pennsylvania,3,1
82,International Law,Universität Heidelberg,5,1
82,Law,"University of California, Berkeley (UCB)",4,1
82,Law ,Universität Heidelberg,5,1
82,Laws ,University of Chicago,5,1
82,Legal Studies,"University of California, Los Angeles (UCLA)",4,1
82,Lifelong Learning in Legal Philosophy and Contemporary Politics,Universidad Carlos III de Madrid (UC3M),1,0
82,Mechanical  Engineering,Columbia University,1,0
82,Social Policy,University of Pennsylvania,4,1
82,"Software Engineering, Formal Methods and Information Systems",Universitat Politecnica de Valencia,3,0
82,Sustainability and Business Transformation,IE University,2,0
83, Laws ,University of British Columbia,4,1
83,Aquaculture,Universitat Politecnica de Valencia,1,0
83,Bioethics Law(Thesis),McGill University,4,1
83,Business Legal Advice,Universidad Carlos III de Madrid (UC3M),3,0
83,Criminology,University of Toronto,4,1
83,Enterprise Law,Universitat Autònoma de Barcelona,1,0
83,Environment Law(Thesis),McGill University,4,1
83,"Gender, Sexuality, Feminist and Social Justice Studies",McGill University,3,1
83,Law (Non-Thesis),McGill University,3,1
83,Law (Thesis),McGill University,4,1
83,Laws,Pheonicia University,2,0
83,Natural Resources Engineering,Universitat Politècnica de Catalunya · BarcelonaTech (UPC),3,0
83,Nursing Sciences,Antoine University,3,0
83,Occupational Health and Safety,Universitat Politècnica de Catalunya · BarcelonaTech (UPC),3,0
83,Social Justice Education,University of Toronto,5,1
83,Specialized Economic Analysis,Universitat Autònoma de Barcelona,2,0
83,Taxation,University of British Columbia,4,1
84, Occupational Therapy (Non-Thesis),McGill University,5,1
84, Public Health Occupational and Environmental Medicine Track (Non Yale Fellows),Yale University,5,1
84,Acoustic Engineering,Universitat Politecnica de Valencia,3,0
84,Biological and Biomedical Engineering (Thesis),McGill University,4,1
84,Biomedical  Engineering,Yale University,4,1
84,Biomedical Engineering,Cornell University,4,1
84,Biomedical Engineering,"KIT, Karlsruhe Institute of Technology",3,0
84,Brain and Cognition,Universitat Pompeu Fabra (Barcelona),1,0
84,Computational and Mathematical  Engineering ,Stanford University,2,0
84,Family and Community Medicine,University of Toronto,5,1
84,History of Science and Medicine,Yale University,5,1
84,Lifelong Learning in Arts and Artistic Professions,Universidad Carlos III de Madrid (UC3M),3,0
84,Medicine  International Program in Medicine,University of Navarra,1,0
84,Nursing (BA/BS-BSN),American University of Beirut,1,0
84,Public Health (Non-Thesis),McGill University,5,1
84,Science in Marketing,Universidad Carlos III de Madrid (UC3M),3,0
85, Plant Pathology,Cornell University,3,1
85, Social Work,University of Pennsylvania,3,1
85,African Studies,Yale University,1,0
85,Biomedical Engineering,Rafik Hariri  University,1,0
85,Biomedical Engineering,University of Navarra,2,0
85,Biomedicine,Universitat de Barcelona,5,1
85,Food Safety,Universitat Autònoma de Barcelona,4,1
85,Government,Harvard University,2,0
85,Health Administration ,University of British Columbia,3,0
85,Human Nutrition and Dietetics,Universitat de Barcelona,5,1
85,Irrigation,American University of Beirut ,3,0
85,Lifelong Learning in Health Assessment and Market Access,Universidad Carlos III de Madrid (UC3M),5,1
85,Nursing Sciences,Jinan University,2,0
85,Public Health,Universitat Autònoma de Barcelona,4,1
85,Research in Translational Medicine,Complutense University of Madrid,5,1
86, Agricultural Sciences,Cornell University,1,0
86, English,Johns Hopkins University,2,0
86,Applied Computer Science ,University of Göttingen,4,1
86,Architectural Firms,University of Navarra,2,0
86,Biology ,Jinan University,1,0
86,Chemistry,Universidad de Sevilla,3,0
86,Computer Science,Technische Universität Dresden,4,1
86,Computer Science,Universität Hamburg,4,1
86,Information Systems ,Friedrich-Alexander-Universität Erlangen-Nürnberg,4,1
86,"Logic, Information, and Computation",University of Pennsylvania,4,1
86,Mechanical Engineering,Universitat Politecnica de Valencia,3,0
86,Physiotherapy,Comillas Pontifical University,1,0
86,Planetary Sciences,McGill University,2,0
87, African American Studies,Yale University,3,0
87, Materials Science and  Engineering,Johns Hopkins University,1,0
87,Aerospace Engineering,Universidad Carlos III de Madrid (UC3M),2,0
87,Bioinformatics,Freie Universitaet Berlin,4,1
87,Biology and Society,Cornell University,1,0
87,Computer Science,Technische Universität Dresden,5,1
87,Computer Science,Universität Hamburg,4,1
87,Computer Science,Universität Stuttgart,4,1
87,Computer Science ,Technical University of Darmstadt,5,1
87,Food Science & Nutritional Science,McGill University,2,0
87,Industrial Engineering,Lebanese International University,3,0
87,Social Sciences,McGill University,1,0
87,Theatre Studies,University of British Columbia,3,0
88, Educational Psychology (Non-Thesis),McGill University,2,0
88,Atmospheric Science,University of British Columbia,1,0
88,Business Administration,Universität Stuttgart,5,1
88,Finance Accounting and Taxation,Freie Universitaet Berlin,3,1
88,Human Morphology,American University of Beirut ,2,0
88,IT Management and Consulting,Universität Hamburg,3,1
88,Management and Digital Technologies ,Ludwig-Maximilians-Universität München,4,1
88,Marketing and E-Business,University of Göttingen,5,1
88,"Music, Emphasis Theory ",University of British Columbia,2,0
88,Process for the Canonical Annulment of Marriage,Comillas Pontifical University,3,1
88,Science for Elementary School,Modern University for Business and Science,2,0
88,Social Psychology,Complutense University of Madrid,2,0
89, Physical Therapy Advanced Standing Option,University of Toronto,2,0
89,Access to the Lawyer Profession,Complutense University of Madrid,2,0
89,Access to the Legal Profession and Public Procurement,University of Navarra,3,0
89,Advanced Mathematics,Universitat Autònoma de Barcelona,2,0
89,Business Administration,Universität Hamburg,5,1
89,Corporate Development,University of Cologne,5,1
89,Creative Writing,Universidad de Sevilla,3,0
89,Health Informatics ,University of Toronto,1,0
89,Marketing,University of Cologne,4,1
89,Marketing and E-Business,University of Göttingen,3,1
89,Specialist Diploma in Gerontology Nursing ,Antoine University,1,0
90, Nursing ,University of Toronto,1,0
90,Applied Mathematics and Computing,Universidad Carlos III de Madrid (UC3M),1,0
90,Archaeology,Universitat de Barcelona,4,1
90,Art History,Universitat Autònoma de Barcelona,5,1
90,Business Administration and Management  General Management and Strategy ,University of Navarra,2,0
90,Catalan and Spanish,Universitat Autònoma de Barcelona,5,1
90,Civil Engineering,Unversity of Balamand ,2,0
90,English and Spanish,Universitat Autònoma de Barcelona,3,1
90,German Language and Literature,Universidad de Sevilla,5,1
90,Human Nutrition and Dietetics  Diploma in Sports Nutrition,University of Navarra,3,0
90,Humanities,Universitat Autònoma de Barcelona,5,1
90,IT Security,Friedrich-Alexander-Universität Erlangen-Nürnberg,2,0
90,Interior Design,Lebanese International University,3,0
90,Nursing Express Program,Jinan University,3,0
91, Ecology and Evolutionary Biology,Yale University,3,1
91, Materials Science and  Engineering,Cornell University,1,0
91,American Studies,Universität Heidelberg,4,1
91,Business Administration,Pheonicia University ,2,0
91,Chemical Engineering,Holy Spirit University of Kaslik,3,0
91,Chemistry,American University of Beirut ,2,0
91,Computational Linguistics,Universität Heidelberg,4,1
91,History ,Friedrich-Alexander-Universität Erlangen-Nürnberg,5,1
91,Languages and Cultures of Southeast Asia,Universität Hamburg,4,1
91,Laws,Pheonicia University ,2,0
91,Mechanical Engineering,Beirut Arab University,2,0
91,Religious Studies,Universität Hamburg,4,1
92, Management Information Systems ,University of British Columbia,5,1
92,Agricultural Economics,American University of Beirut ,2,0
92,Art Music of the Mashriq,Antoine University,1,0
92,Bioengineering,"KIT, Karlsruhe Institute of Technology",2,0
92,Bioinformatics ,University of British Columbia,5,1
92,Computer Science,University of British Columbia,5,1
92,Computer Science (Thesis),McGill University,3,1
92,Education in Teaching English as a Foreign Language,Lebanese International University,2,0
92,Health Informatics ,University of Toronto,5,1
92,Integrated Studies in Land and Food Systems ,University of British Columbia,4,1
92,International Development,Universitat Autònoma de Barcelona,3,0
92,Physiotherapy of Physical Activities and Sport,Saint Joseph University of Beirut,1,0
93,Bioethics,Columbia University,3,0
93,Bioinformatics ,University of British Columbia,4,1
93,Computer Science,University of British Columbia,5,1
93,Computer Science (Thesis),McGill University,4,1
93,Health Informatics ,University of Toronto,4,1
93,Integrated Studies in Land and Food Systems ,University of British Columbia,4,1
93,International Migration,Comillas Pontifical University,2,0
93,Languages,Lebanese International University,2,0
93,Quantum Science and Technology,Universitat Autònoma de Barcelona,3,0
93,Specialization in Energy and the Environment Conservation and Management,Yale University,3,1
93,Teacher Training for Grammar Schools,Universität Hamburg,1,0
94,Applied Computer Science ,University of Göttingen,2,0
94,Biomedical Engineering,Universitat de Barcelona,3,0
94,Chemical Engineering,Universitat de Barcelona,4,1
94,Dental Hygiene,University of British Columbia,2,0
94,Electronic Industrial Engineering,University of Granada,5,1
94,Engineering Physics,Universitat Politecnica de Valencia,5,1
94,Geomatic and Surveying Engineering,Universitat Politecnica de Valencia,4,1
94,Laboratory Sciences,Islamic University of Lebanon,1,0
94,Mathematical Engineering in Data Science,Universitat Pompeu Fabra (Barcelona),3,1
94,Nursing,Unversity of Balamand ,1,0
94,Pharmacy,Universität Heidelberg,2,0
94,Slavic Studies,Universität Hamburg,3,0
95," Feminist, Gender, and Sexuality Studies",Cornell University,3,0
95, Jazz,McGill University,1,0
95,AgriBusiness and Management  and Management Entrepreneurship,McGill University,1,0
95,Business Administration,IE University,3,0
95,Comparative German Studies,Universität Heidelberg,3,0
95,Electrical  Engineering,Northwestern University,5,1
95,Mechanical  Engineering,Northwestern University,5,1
95,Mechanical Engineering,Pheonicia University ,5,1
95,Nuclear Engineering,"University of California, Berkeley (UCB)",5,1
95,Pharmacy,Universidad de Sevilla,3,1
95,Video Game Design and Development,Universitat Politècnica de Catalunya · BarcelonaTech (UPC),1,0
96, Retailing,McGill University,2,0
96, Teaching and Learning (Non-Thesis),McGill University,2,0
96,Adult Learning and Education ,University of British Columbia,2,0
96,Business Strategy,Universitat de Valencia,3,1
96,Human Resource Management in Organizations,Universitat Autònoma de Barcelona,5,1
96,Management Ethics and Innovation in the Non Profit Sector,Universität Heidelberg,5,1
96,Mechanical  Engineering ,Stanford University,1,0
96,"Media, Communication and Journalism Sciences and Disorders (Thesis)",McGill University,1,0
96,Pharmacy Practice,Beirut Arab University,3,0
96,Terrestrial Ecology and Biodiversity Management,Universitat Autònoma de Barcelona,4,1
97,Accounting,Haigazian University,5,1
97,Advanced Studies in Design-Barcelona,Universitat Politècnica de Catalunya · BarcelonaTech (UPC),2,0
97,Business Administration,Pheonicia University ,5,1
97,Early Childhood Education ,University of British Columbia,2,0
97,Educational Studies ,University of British Columbia,1,0
97,Finance,Haigazian University,5,1
97,General Business and Management  Administration,Rafik Hariri  University ,5,1
97,General Management,Antoine University,4,1
97,Hotel Management,Islamic University of Lebanon,4,1
97,Logic and Philosophy of Science,Ludwig-Maximilians-Universität München,2,0
97,Mathematical Modelling in Engineering,Universität Hamburg,1,0
97,Neuroscience ,University of British Columbia,2,0
98, Drama and Theatre,McGill University,2,0
98,Biochemistry ,Goethe-University Frankfurt am Main,5,1
98,Chemistry,Freie Universitaet Berlin,5,1
98,Fine Arts,Universitat de Barcelona,1,0
98,Food Science and Technology,Complutense University of Madrid,3,1
98,Mathematics,Technische Universität Berlin (TU Berlin),5,1
98,Mathematics ,Friedrich-Alexander-Universität Erlangen-Nürnberg,4,1
98,Mathematics  ,University of Göttingen,4,1
98,Mechanical Engineering,McGill University,2,0
98,Medicine,Universidad de Sevilla,2,0
98,Physics,Universität Hamburg,5,1
98,Tourism,University of Granada,3,0
99,  Chemical Principles,University of Pennsylvania,3,0
99, Biological Mathematics Concentration,University of Pennsylvania,4,1
99, Physical Theory and Experimental Technique,University of Pennsylvania,4,1
99,Architectural Firms,University of Navarra,1,0
99,Business Administration,University of Göttingen,1,0
99,Etudes Architecturales,Unversity of Balamand ,3,1
99,Integrated  Engineering,University of British Columbia,2,0
99,Medical Laboratory Technology ,Notre Dame University ,2,0
99,Spanish Language and Literature,Universitat Autònoma de Barcelona,2,0
99,Statistics,"University of California, Berkeley (UCB)",4,1
99,Travel and Tourism Management,Notre Dame University ,1,0
100, Dental Sciences (Non-Thesis),McGill University,4,1
100, Medical Anthropology (Thesis),McGill University,5,1
100,Aeronautical Engineering,Universidad de Sevilla,2,0
100,Aerospace Science and  Engineering,University of Toronto,3,0
100,Anthropology,Universitat Autònoma de Barcelona,2,0
100,Critical Care Nursing,Beirut Arab University,5,1
100,Finance,University of Chicago,3,0
100,Human Rights and Democratization,Universität Hamburg,2,0
100,"Musicology, Musical Education and Interpretation of Early Music",Universitat Autònoma de Barcelona,2,0
100,Operative and Esthetic Dentistry,Beirut Arab University,4,1
100,Physiotherapy of Physical Activities and Sport,Saint Joseph University of Beirut,3,1
100,Public Administration ,American University of Beirut ,2,0
100,Quantum Technologies,Universitat de Valencia,1,0
101,   Advanced Nursing (Non-Thesis),McGill University,4,1
101, Food Science ,University of British Columbia,3,0
101, Medical Radiation Physics (Thesis),McGill University,5,1
101, Occupational Therapy (MScOT),University of Toronto,5,1
101,Accounting,American University of Science and Technology,3,1
101,Economic Development and Growth,Universidad Carlos III de Madrid (UC3M),2,0
101,Finance,American University of Beirut ,2,0
101,Hospital Clinical Optometry,Complutense University of Madrid,1,0
101,Mechatronics and Information Technology,"KIT, Karlsruhe Institute of Technology",3,0
101,Medical Sociology (Thesis),McGill University,5,1
101,Pathology and Laboratory Medicine ,University of British Columbia,4,1
102,Applied Computer Science ,University of Göttingen,5,1
102,Biochemistry,Complutense University of Madrid,2,0
102,Business Administration,University of Göttingen,2,0
102,Chemical and Biomolecular  Engineering,New York University (NYU),3,1
102,Cognitive Systems,University of British Columbia,5,1
102,Computer Science,Modern University for Business and Science,3,1
102,Information Systems,McGill University,4,1
102,Integrated Design & Media,New York University (NYU),3,0
102,Landscape Architecture,American University of Beirut ,2,0
102,Pharmacy and Pharmaceutical Technology,Complutense University of Madrid,2,0
103,Applied Physics,New York University (NYU),3,1
103,Business and Information Technology,Universitat Autònoma de Barcelona,4,1
103,Computer Science,Universidade de Santiago de Compostela,4,1
103,Computer Science and Engineering  Informatics Engineering,Universidad Carlos III de Madrid (UC3M),4,1
103,Education in Early Childhood Education,Lebanese International University,1,0
103,Geography ,McGill University,2,0
103,Greek and Classical Philology,Universität Heidelberg,2,0
103,Museum Studies,University of British Columbia,2,0
103,Neurosciences,University of Cologne,2,0
103,Sociology ,University of British Columbia,2,0
103,Telecommunications Systems,Universitat Politècnica de Catalunya · BarcelonaTech (UPC),4,1
104, Agricultural Economics (Thesis),McGill University,3,0
104, Anthropology,University of Toronto,5,1
104, Anthropology (Thesis),McGill University,4,1
104, Geography (Thesis),McGill University,4,1
104,Banking and Quantitative Finance,Complutense University of Madrid,3,1
104,Civil  Engineering,New York University (NYU),3,1
104,Craniofacial Science ,University of British Columbia,2,0
104,Egyptology,Universität Heidelberg,1,0
104,History ,Universität Heidelberg,1,0
104,"Resources, Environment and Sustainability ",University of British Columbia,2,0
105, Occupational Therapy (MScOT),University of Toronto,2,0
105,Access to the Legal Profession and Tax Consulting,Comillas Pontifical University,2,0
105,Advanced Studies in Social and Cultural Anthropology,Complutense University of Madrid,4,1
105,Biological Anthropology,Universitat Autònoma de Barcelona,5,1
105,Child Study & Education,University of Toronto,2,0
105,Criminal and Criminal Procedural Law,Universidad Carlos III de Madrid (UC3M),1,0
105,Data Science,Freie Universitaet Berlin,1,0
105,East Asian Studies,University of Toronto,1,0
105,Economics,Complutense University of Madrid,5,1
105,International Development Cooperation,Comillas Pontifical University,5,1
105,Local Government and Innovative Public Policies,Universidade de Santiago de Compostela,5,1
105,Political Theory and Democratic Culture,Complutense University of Madrid,4,1
105,Teaching Arts,Lebanese International University,2,0
106, Materials Science and  Engineering,Cornell University,2,0
106,Bachelorin Hospitality Management,Saint Joseph University of Beirut,3,0
106,Behavioural Neuroscience,University of British Columbia,2,0
106,Business Administration,Modern University for Business and Science,5,1
106,Business and Management  information technology,Jinan University,5,1
106,Chemical Engineering,Universitat de Barcelona,2,0
106,Digital Marketing ,American University of Science and Technology,5,1
106,German Language,McGill University,2,0
106,Human Resource Management,Antoine University,4,1
106,Interdisciplinary Studies,University of British Columbia,3,0
106,Land Surface Processes and Environmental Change ,McGill University,1,0
106,Political Science,University of British Columbia,1,0
106,Visual Arts,University of Chicago,3,0
107, Anthropology,Cornell University,1,0
107,Automotive Engineering,Universitat Politècnica de Catalunya · BarcelonaTech (UPC),2,0
107,Banking and Finance,Islamic University of Lebanon,5,1
107,Biology and Mathematics,McGill University,1,0
107,Business Administration,Pheonicia University ,5,1
107,Cultural Studies,McGill University,1,0
107,Dentistry,Universidad de Sevilla,1,0
107,Information Systems ,Universität Stuttgart,3,0
107,Marketing and Management,Jinan University,4,1
107,Worms International Business Management,Lebanese International University,5,1
108, Professional Kinesiology,University of Toronto,2,0
108,Biomedical Engineering,Universität Heidelberg,5,1
108,Chemical Engineering,Technical University of Munich,5,1
108,Chemical and BioEngineering,Universität Stuttgart,5,1
108,Civil Engineering,Technische Universität Berlin (TU Berlin),5,1
108,Critical Care Nursing,Beirut Arab University,3,0
108,Ecological Engineering,Technical University of Munich,5,1
108,Marketing,Universitat Autònoma de Barcelona,2,0
108,Mechanical Engineering,Technische Universität Berlin (TU Berlin),5,1
108,Medical Sociology (Thesis),McGill University,2,0
108,Occupational and Environmental Hygiene ,University of British Columbia,2,0
108,Organ,University of British Columbia,2,0
108,Political Science ,University of British Columbia,1,0
108,Transmedia Documentary and Reportage,Universidad Carlos III de Madrid (UC3M),2,0
109, Interdisciplinary Studies ,University of British Columbia,2,0
109,Bioengineering,"KIT, Karlsruhe Institute of Technology",4,1
109,Civil Engineering,Universität Stuttgart,4,1
109,Computer Engineering,Universität Heidelberg,5,1
109,Ecological Engineering,Technical University of Munich,4,1
109,Ecology,Complutense University of Madrid,1,0
109,Higher Education,University of Pennsylvania,1,0
109,International and Comparative Law,Holy Spirit University of Kaslik,3,0
109,Mass Communication,Beirut Arab University,3,1
109,Mechanical Engineering,Technische Universität Berlin (TU Berlin),5,1
109,Mechanical Engineering,Universität Stuttgart,4,1
109,"Teaching in Secondary Schools, Vocational Training and Language Centres",Universitat Autònoma de Barcelona,2,0
110, Classical Languages and Literature,University of Pennsylvania,5,1
110, Engineering Mechanics,Johns Hopkins University,3,0
110, Environmental History and Regional Studies Concentration,University of Pennsylvania,5,1
110, Italian Literature,University of Pennsylvania,5,1
110, Religious Studies,University of Pennsylvania,5,1
110,Biometry and Statistics,Cornell University,2,0
110,Biotechnology,Universitat Ramon Llull,1,0
110,Computer Engineering,Universitat de Valencia,3,0
110,Journalism,Lebanese International University,2,0
110,Law,Universität Hamburg,2,0
110,Music,University of British Columbia,2,0
110,South Asia Studies,University of Pennsylvania,5,1
111,Arabic Language and Literature,Islamic University of Lebanon,4,1
111,Armenian Studies,Haigazian University,5,1
111,Biochemistry  Science and Business ,University of Navarra,2,0
111,Business Administration and Management,Comillas Pontifical University,2,0
111,Chemistry,Unversity of Balamand ,2,0
111,Design,Complutense University of Madrid,2,0
111,Economics,Yale University,2,0
111,Economics and International Economics and Finance,University of Navarra,2,0
111,Electrical Engineering,Technische Universität Berlin (TU Berlin),2,0
111,English,Lebanese International University,5,1
111,English Studies,American University of Science and Technology,5,1
111,History,Haigazian University,3,0
111,Mobile and Space Communications Engineering,Universidad Carlos III de Madrid (UC3M),2,0
111,Religious Studies,Saint Joseph University of Beirut,5,1
112, Dental Hygiene,University of Michigan-Ann Arbor,5,1
112, Public Health Combined Degree ,Northwestern University,5,1
112,Biologie ,Technical University of Darmstadt,3,0
112,Computer Science,Cornell University,1,0
112,Environmental Technologies,Holy Spirit University of Kaslik,2,0
112,Financial  Engineering,New York University (NYU),3,0
112,Hotel Management,Universitat Autònoma de Barcelona,1,0
112,Information & Knowledge Strategy ,Columbia University,1,0
112,Literary Translation,Complutense University of Madrid,3,1
112,Public Health,"University of California, Berkeley (UCB)",5,1
112,Spanish as a Second Language,Complutense University of Madrid,2,0
113,   Advanced Nursing (Non-Thesis),McGill University,4,1
113, Medical Radiation Physics (Thesis),McGill University,5,1
113,Chemical Biology,"KIT, Karlsruhe Institute of Technology",1,0
113,Data Mining and Business Intelligence,Complutense University of Madrid,2,0
113,Human Nutrition ,University of British Columbia,5,1
113,Latin and Classical Philology,Universität Heidelberg,3,0
113,Mechatronics ,Friedrich-Alexander-Universität Erlangen-Nürnberg,1,0
113,Music Technology and Computation,Massachusetts Institute of Technology (MIT),3,0
113,Pathology and Laboratory Medicine ,University of British Columbia,4,1
113,Population and Public Health ,University of British Columbia,5,1
113,Psychology ,University of Göttingen,2,0
114,Business and Information Technology,Universitat Autònoma de Barcelona,4,1
114,Communication and Visual Art,Holy Spirit University of Kaslik,2,0
114,Computer Science,Universidade de Santiago de Compostela,5,1
114,Forestry,University of British Columbia,2,0
114,Industrial Computing and Robotics,Universitat Politecnica de Valencia,5,1
114,Nursing (RN-BSN),American University of Beirut ,1,0
114,Physics,American University of Beirut ,2,0
114,Physics ,Technical University of Darmstadt,3,0
114,Political Science,McGill University,2,0
114,Wildlife Biology,McGill University,2,0
115,Anatomy & Cell Biology,McGill University,2,0
115,Business and Information Technology,Universitat Autònoma de Barcelona,5,1
115,Chemical?Biological  Engineering,Massachusetts Institute of Technology (MIT),2,0
115,Computer Science,Universidade de Santiago de Compostela,4,1
115,Computer Science and Engineering  Informatics Engineering,Universidad Carlos III de Madrid (UC3M),5,1
115,Food Production and Environment ,McGill University,3,0
115,Industrial Computing and Robotics,Universitat Politecnica de Valencia,5,1
115,Interior Design,Beirut Arab University,2,0
115,Special Divisional Majors,Yale University,1,0
115,Translation and Interpretation,Notre Dame University ,2,0
116,Architecture,McGill University,2,0
116,Chemical Engineering,Technische Universität Berlin (TU Berlin),2,0
116,Law,University of British Columbia,2,0
116,Nursing  International Nursing Program,University of Navarra,3,0
116,Quebec Studies,McGill University,1,0
116,Translation and Interpretation,Complutense University of Madrid,1,0
117,Business Management,Lebanese International University,3,0
117,Interior Design,Islamic University of Lebanon,1,0
117,Kinesiology: Social and Behavioural Sciences,University of British Columbia,2,0
117,Physiotherapy,Complutense University of Madrid,3,0
117,Software Engineering ,McGill University,2,0
117,Statistics,"University of California, Berkeley (UCB)",2,0
118, Ecology,Cornell University,3,1
118, Higher Education,University of Toronto,2,0
118,Biomedicine,Universitat de Barcelona,1,0
118,Design Global,Unversity of Balamand ,3,0
118,Logistics and Economic Management of Defense,Complutense University of Madrid,2,0
118,Pharmacognosy and Medicinal Plants,Beirut Arab University,1,0
118,Statistics and Social and Economic Indicators,Complutense University of Madrid,2,0
119, Operations Research and Information Engineering,Cornell University,1,0
119,"Atomistic and Multiscale Computational Modelling in Physics, Chemistry and Biochemistry",Universitat Politècnica de Catalunya · BarcelonaTech (UPC),2,0
119,Computer Science,New York University (NYU),2,0
119,Laws in Insurance Law,Universität Hamburg,3,1
119,Management and Digital Technologies ,Ludwig-Maximilians-Universität München,1,0
119,Public Law,Holy Spirit University of Kaslik,3,0
119,Science for Secondary School (Physics or Chemistry or Biology),Modern University for Business and Science,1,0
119,Water Sciences,Saint Joseph University of Beirut,2,0
120, Materials Science and  Engineering,Johns Hopkins University,2,0
120, Psychology,Yale University,1,0
120,Advertising and Public Relations,Complutense University of Madrid,4,1
120,Audiovisual Communication,Complutense University of Madrid,5,1
120,Audiovisual Communications,Universitat Politecnica de Valencia,4,1
120,Civil Engineering,McGill University,2,0
120,Computer Science,Pheonicia University ,2,0
120,Human Nutrition and Dietetics,University of Navarra,1,0
120,Journalism,Complutense University of Madrid,5,1
120,Journalism,Universitat Pompeu Fabra (Barcelona),4,1
120,Journalism,Universitat de Valencia,5,1
120,Mathematics,Universitat Politècnica de Catalunya · BarcelonaTech (UPC),3,0
120,Religious Studies,Saint Joseph University of Beirut,3,1
121,Advertising and Communication ,Haigazian University,4,1
121,Aerospace  Engineering,McGill University,1,0
121,Business Administration and Economics,Technische Universität Dresden,2,0
121,Chemical ENngineering,Unversity of Balamand ,2,0
121,Computer Science,Freie Universitaet Berlin,3,0
121,Economics and Accounting,McGill University,1,0
121,Journalism,Jinan University,4,1
121,Management and Administration,Unversity of Balamand ,3,0
121,Music,Haigazian University,4,1
121,Music and Media ,Antoine University,4,1
121,Musicology,Universität Heidelberg,2,0
121,Physics,Unversity of Balamand ,2,0
122, Hospitality Management,Cornell University,2,0
122,Biomedical Engineering and Digital Health,Universidad de Sevilla,2,0
122,Business Administration and Management,Saint Joseph University of Beirut,1,0
122,Computer Science,Rheinische Friedrich-Wilhelms-Universität Bonn,1,0
122,Digital Humanities and Heritage,Universitat Autònoma de Barcelona,1,0
122,Hospital Clinical Optometry,Complutense University of Madrid,1,0
122,International Relations,Harvard University,2,0
122,Matter to Life,Universität Heidelberg,1,0
123,Communications and Electronics Engineering,Beirut Arab University,1,0
123,Human Rights ,Jinan University,3,0
123,Introduction to Research in Mental Health,Universitat Autònoma de Barcelona,2,0
123,Landscape Architecture ,University of British Columbia,2,0
123,Organizational and Work Psychology,Universidad de Sevilla,3,0
123,Research in Education,Universitat Autònoma de Barcelona,3,0
124, Music,McGill University,5,1
124,Agronomic Science Engineering,Universitat Politècnica de Catalunya · BarcelonaTech (UPC),3,1
124,Architectural Studies,IE University,4,1
124,Business Administration and Management,Universidad de Zaragoza,1,0
124,Fine Arts,University of Salamanca,5,1
124,General Musicology of Traditions,Antoine University,4,1
124,Graphic Design,American University of Beirut ,5,1
124,Graphic Design,Islamic University of Lebanon,4,1
124,International Relations  Geopolitics and Diplomacy,University of Navarra,2,0
124,Mathematics and Computer Science ,McGill University,2,0
124,Medical Laboratory Analysis,Saint Joseph University of Beirut,2,0
124,Operations Management,McGill University,2,0
124,Political Science and Public Management,Universitat Autònoma de Barcelona,2,0
125, History,University of Chicago,2,0
125,Architecture ,University of British Columbia,5,1
125,Biomedical Engineering,Comillas Pontifical University,1,0
125,Biomedical Engineering,Islamic University of Lebanon,2,0
125,East Asian Studies: Language and Literature,McGill University,1,0
125,Embedded Systems Engineering,Albert-Ludwigs-Universitaet Freiburg,2,0
125,Interior Design,Beirut Arab University,5,1
125,Music,University of British Columbia,3,1
125,Music: Composition,University of British Columbia,4,1
125,Philosophy ,University of British Columbia,1,0
126, Public Health Occupational and Environmental Medicine Track (Yale OEM Fellows),Yale University,2,0
126,Civil  Engineering ,University of British Columbia,1,0
126,Craniofacial Science ,University of British Columbia,2,0
126,Home Economics Education ,University of British Columbia,1,0
126,Management and Technology,Comillas Pontifical University,2,0
126,Marketing,Haigazian University,2,0
126,Speech and Language Therapy,Saint Joseph University of Beirut,2,0
126,Theory (Thesis),McGill University,2,0
127, Earth and Planetary Sciences (Thesis),McGill University,2,0
127, Health Policy,Yale University,2,0
127,Business and Economic Education,Goethe-University Frankfurt am Main,2,0
127,Business and Management  and Management Analytics and Artificial Intelligence,Johns Hopkins University,2,0
127,Information Systems and Artificial Intelligence for Business and Management  and Management,Johns Hopkins University,2,0
127,Integrated Climate System Sciences,Universität Hamburg,3,0
127,Pathology (Thesis),McGill University,2,0
128, Astrophysics,University of Pennsylvania,5,1
128,Applied Mathematics and Computing,Universidad Carlos III de Madrid (UC3M),3,1
128,Biochemistry,Universidad Autónoma de Madrid,5,1
128,Computer Engineering and Telecommunication Systems Engineering,Universitat Autònoma de Barcelona,2,0
128,History,Yale University,2,0
128,Marketing Communication,Unversity of Balamand ,2,0
128,Mechatronics ,Technical University of Darmstadt,2,0
128,Midwifery,University of British Columbia,2,0
128,Petroleum Engineering,Pheonicia University ,1,0
128,Philosophy,Saint Joseph University of Beirut,2,0
128,Physiology and Physics,McGill University,5,1
128,Slavic Studies,Universität Hamburg,3,0
129, Geology and Natural Resources,Yale University,5,1
129,Advertising In Journalism and Radio/TV,Antoine University,2,0
129,Automotive Engineering,Universitat Politècnica de Catalunya · BarcelonaTech (UPC),1,0
129,Classical Philology,Complutense University of Madrid,2,0
129,German Language,McGill University,2,0
129,Industrial Electronics and Automation Engineering,Universitat Politecnica de Valencia,3,0
129,Law,Universität Heidelberg,2,0
129,Management Science,Massachusetts Institute of Technology (MIT),2,0
129,Mathematics,Saint Joseph University of Beirut,5,1
129,Mathematics ,Goethe-University Frankfurt am Main,4,1
129,Physics and Chemistry,Universitat Autònoma de Barcelona,5,1
129,Physiology and Physics,McGill University,5,1
129,Sociology,"University of California, Los Angeles (UCLA)",3,0
130,Erasmus Mundus Big Data Management and Analytics (BDMA),Universitat Politècnica de Catalunya · BarcelonaTech (UPC),1,0
130,Film Production and Creative Writing ,University of British Columbia,2,0
130,Finance,Harvard University,2,0
130,Law of the Regulated Sectors,Universidad Carlos III de Madrid (UC3M),3,0
130,Psychosocial Research and Intervention,Universitat Autònoma de Barcelona,2,0
130,Social Work,Modern University for Business and Science,3,0
130,Social Work (Advanced) ,University of British Columbia,3,1
130,Theatre ,University of British Columbia,2,0
131, Chemical Engineering,Cornell University,2,0
131,Computational Social Science,Universidad Carlos III de Madrid (UC3M),2,0
131,Economic Development and Growth,Universidad Carlos III de Madrid (UC3M),1,0
131,Environmental Geology,Complutense University of Madrid,1,0
131,French and Romance Studies,Universität Heidelberg,2,0
131,Specialist Diploma in Gerontology Nursing ,Antoine University,2,0
132,Earth and Environmental Sciences,University of British Columbia,3,1
132,Electrical Engineering,Lebanese International University,1,0
132,French Language and Literature ,Holy Spirit University of Kaslik,2,0
132,Geographical Sciences,University of British Columbia,3,0
132,Illustration – Bande Dessinée,Unversity of Balamand ,2,0
132,Indigenous Studies,McGill University,1,0
133,Digital and Multimedia Technology,Universitat Politecnica de Valencia,1,0
133,First Nations and Endangered Languages,University of British Columbia,2,0
133,Illustration – Bande Dessinée,Unversity of Balamand ,2,0
133,Medical Doctor,Saint Joseph University of Beirut,3,1
133,Music,Cornell University,3,0
133,Physiotherapy,Complutense University of Madrid,2,0
133,Theology,McGill University,2,0
134, Epidemiology of Microbial Diseases,Yale University,2,0
134, Landscape Architecture ,University of British Columbia,3,0
134,Applied Analytics,Columbia University,3,0
134,Finance,Johns Hopkins University,2,0
134,Food Processing,Unversity of Balamand ,1,0
134,"Human Development, Learning, and Culture ",University of British Columbia,1,0
134,Rehabilitation Science,University of Toronto,2,0
135, Human Resource Management and Development,New York University (NYU),3,0
135, Manufacturing,University of Michigan-Ann Arbor,3,1
135,Analytical Chemistry and Quality Control,Beirut Arab University,3,0
135,Chemical Sciences,Universität Stuttgart,1,0
135,Health Science ,University of British Columbia,1,0
135,International Educational Development,University of Pennsylvania,2,0
136," Organ, Guitar",McGill University,2,0
136,Astronomy,University of British Columbia,2,0
136,Chemical  Engineering ,"University of California, Berkeley (UCB)",1,0
136,Christianity and Culture,Universität Heidelberg,3,0
136,Design and Applied Arts,Holy Spirit University of Kaslik,1,0
136,Law,Comillas Pontifical University,5,1
136,Law,Universitat Pompeu Fabra (Barcelona),4,1
136,Law ,Universidad Carlos III de Madrid (UC3M),5,1
136,Laws,Universidad de Sevilla,4,1
136,Management ,McGill University,2,0
136,Mathematics and Physics,Yale University,2,0
136,Medical Engineering,Universität Stuttgart,1,0
137, East Asian Studies,Johns Hopkins University,2,0
137,Bachelor of Laws,Universidad Autónoma de Madrid,4,1
137,Biology,Islamic University of Lebanon,2,0
137,Christianity and Culture,Universität Heidelberg,3,0
137,Criminology,Complutense University of Madrid,5,1
137,Criminology,Universitat Autònoma de Barcelona,5,1
137,French and Romance Studies,Universität Heidelberg,2,0
137,Journalism  Diploma in Global Journalism,University of Navarra,1,0
137,Law,Universitat Autònoma de Barcelona,4,1
137,Law,Universitat Pompeu Fabra (Barcelona),5,1
137,Law and Philosophy,Complutense University of Madrid,4,1
137,Licentiate in Music,McGill University,2,0
137,NeoGreek and Byzantine Studies,Universität Hamburg,2,0
137,Voice,McGill University,3,0
138, Physical Therapy ,University of British Columbia,1,0
138,Communications and Electronics Engineering,Beirut Arab University,3,0
138,Computer and Network Engineering,Universitat Politecnica de Valencia,1,0
138,Human Anatomy and Embryology,Beirut Arab University,1,0
138,Human Resource Management,Notre Dame University ,3,0
138,Islamology,Saint Joseph University of Beirut,4,1
138,Speech and Language Therapy,Saint Joseph University of Beirut,5,1
138,Theology,Unversity of Balamand ,5,1
138,Thermal Engineering,Universitat Politècnica de Catalunya · BarcelonaTech (UPC),1,0
138,Translation,Saint Joseph University of Beirut,5,1
139, Biomedical  Engineering,University of British Columbia,2,0
139, Environmental Health Sciences,Yale University,1,0
139, Information Systems and Artificial Intelligence for Business and Management  and Management,Johns Hopkins University,2,0
139,Applied Orthodox Theology,Unversity of Balamand ,3,1
139,French Language and Literature,Beirut Arab University,4,1
139,French Language and Literature,Holy Spirit University of Kaslik,5,1
139,Mathematical Sciences,New York University (NYU),3,0
139,Philosophy,Holy Spirit University of Kaslik,3,0
139,Public Policy and Global Affairs ,University of British Columbia,3,0
139,Theology,Unversity of Balamand ,5,1
139,"Women, Gender and Citizenship Studies",Universitat Autònoma de Barcelona,1,0
140, Degree Completion,University of Michigan-Ann Arbor,4,1
140, Music Education,Johns Hopkins University,5,1
140,Applied Mathematics ,McGill University,3,0
140,Labour Relations,Universitat Autònoma de Barcelona,3,0
140,Medicine,University of Salamanca,3,0
140,Medicine  International Program in Medicine,University of Navarra,2,0
140,Physics and Computer Science,McGill University,2,0
140,Sciences of Religions,Complutense University of Madrid,3,0
140,Software Engineering,Complutense University of Madrid,2,0
140,Theology,McGill University,2,0
141, Degree Completion,University of Michigan-Ann Arbor,5,1
141, Music Education,Johns Hopkins University,5,1
141,Catalan and Spanish,Universitat Autònoma de Barcelona,2,0
141,Digital Media,Holy Spirit University of Kaslik,3,0
141,Ecological Agriculture,McGill University,2,0
141,Economics ,Lebanese International University,3,0
141,Italian,Universität Hamburg,2,0
141,Music: Scholarship,University of British Columbia,3,0
141,Professional Agrology,McGill University,1,0
142, Biomedical  Engineering,Northwestern University,5,1
142, Manufacturing and Design  Engineering ,Northwestern University,4,1
142,Advertising and Marketing,Notre Dame University ,3,0
142,Biology,McGill University,1,0
142,Business Administration,Modern University for Business and Science,1,0
142,Chemical  Engineering ,"University of California, Berkeley (UCB)",4,1
142,Environmental Science and  Engineering,California Institute of Technology (Caltech),3,1
142,Food Technology,Technische Universität Berlin (TU Berlin),2,0
142,Law,Universität Hamburg,2,0
142,Mechanical  Engineering ,"University of California, Berkeley (UCB)",4,1
142,Medical Doctor,Saint Joseph University of Beirut,2,0
142,Nutrition and Dietetics,Saint Joseph University of Beirut,3,1
142,Physics and Computer Science,McGill University,3,1
143,Architecture,Pheonicia University ,2,0
143,Biological/Bio Engineering,Massachusetts Institute of Technology (MIT),4,1
143,Canadian Studies,McGill University,1,0
143,Environmental Science,University of Granada,2,0
143,Forest and Environmental Engineering,Universitat Politecnica de Valencia,5,1
143,Jewish Studies,University of Chicago,2,0
143,Kinesiology: Multidisciplinary Science,University of British Columbia,2,0
143,Mechanical Engineering ,"KIT, Karlsruhe Institute of Technology",4,1
143,Modern Languages ??and Literatures,Universitat de Valencia,2,0
143,Music: Advanced Performance,University of British Columbia,1,0
143,Nutrition and Dietetics,Saint Joseph University of Beirut,2,0
143,Software Engineering ,McGill University,5,1
143,Special Divisional Majors,Yale University,3,0
144,Computer Science,Universität Hamburg,3,1
144,Computer Science,Universität Heidelberg,5,1
144,Computer Science ,Technical University of Darmstadt,5,1
144,Computer Science ,University of Cologne,5,1
144,Data Science and Engineering,Universitat Politècnica de Catalunya · BarcelonaTech (UPC),2,0
144,Energy Engineering,Universitat Politecnica de Valencia,3,1
144,"Greek, Ancient and Modern",Yale University,2,0
144,Informatics,"KIT, Karlsruhe Institute of Technology",4,1
144,Information Systems Management,Technische Universität Berlin (TU Berlin),4,1
144,Mechanical Engineering,McGill University,2,0
144,Social Education,Complutense University of Madrid,2,0
144,World Religions,McGill University,2,0
145, Writing Seminars,Johns Hopkins University,3,0
145,Applied Mathematics,Unversity of Balamand ,3,1
145,Biology,McGill University,2,0
145,Business Informatics,Universität Hamburg,5,1
145,Computer Science,Universität Stuttgart,5,1
145,Industrial Technology Engineering,Universitat Politècnica de Catalunya · BarcelonaTech (UPC),1,0
145,Information Systems,"KIT, Karlsruhe Institute of Technology",5,1
145,Information Systems,University of Cologne,4,1
145,Information Systems ,Friedrich-Alexander-Universität Erlangen-Nürnberg,5,1
145,Information Systems ,Universität Stuttgart,5,1
145,Mechanical  Engineering,California Institute of Technology (Caltech),2,0
145,Nursing,Pheonicia University ,3,0
146, Business and Management  and Management Analytics and Artificial Intelligence,Johns Hopkins University,3,0
146, Cell Biology (Thesis),McGill University,5,1
146, Genetic Counselling (Non-Thesis),McGill University,5,1
146, Management Administration and Analytics ,University of British Columbia,2,0
146, Microbiology (Thesis),McGill University,3,0
146,Computational Fluid Dynamics,Universitat Politecnica de Valencia,1,0
146,Geoinformation,Universitat Autònoma de Barcelona,2,0
146,Legal and Forensic Psychology,Universitat Autònoma de Barcelona,2,0
146,Surgery ,University of British Columbia,4,1
146,Surgical and Interventional Sciences (Non-Thesis),McGill University,5,1
146,Telecommunication Engineering,University of Navarra,1,0
147, Dependable Software Systems ,University of British Columbia,2,0
147, Electrical and Computer Engineering,Cornell University,2,0
147, Human Genetics (Thesis),McGill University,5,1
147,Biochemistry and Molecular Biology ,University of British Columbia,5,1
147,Bioethics(Non-Thesis),McGill University,4,1
147,Biology ,University of British Columbia,4,1
147,Food Science and Engineering,Universitat Politecnica de Valencia,1,0
147,French Language and Literature,Islamic University of Lebanon,1,0
147,Management of Technology,New York University (NYU),2,0
147,Neuroscience (Thesis),McGill University,3,1
147,Public Administration,Universitat Autònoma de Barcelona,2,0
147,Zoology ,University of British Columbia,3,1
148, Architectural Science,Cornell University,2,0
148, Biological and Biomedical Engineering (Thesis),McGill University,1,0
148, Mathematics,Lebanese International University,2,0
148, Urban Systems ,University of British Columbia,3,0
148,Behavioral and Health Sciences Methodology,Complutense University of Madrid,5,1
148,General Health Psychology,Universidad de Zaragoza,5,1
148,Introduction to Research in Mental Health,Complutense University of Madrid,5,1
148,Musicology (Non-Thesis),McGill University,3,0
148,Public Administration ,American University of Beirut ,3,0
148,Social Psychology,Complutense University of Madrid,5,1
148,Telecommunication Engineering,Universitat Autònoma de Barcelona,3,1
148,"Telecommunications, Networks and Security",Saint Joseph University of Beirut,2,0
149, Fine Arts in Visual Arts,University of Chicago,2,0
149, International and Development Economics,Yale University,2,0
149, Management,University of Chicago,2,0
149,Advanced Studies in Labor and Employment,Complutense University of Madrid,4,1
149,Business Mathematics,Universität Hamburg,2,0
149,Civil Engineering,Unversity of Balamand ,2,0
149,Data Science,Freie Universitaet Berlin,2,0
149,Educational Psychology,Universitat Ramon Llull,5,1
149,General Health Psychology,Universidad de Sevilla,3,1
149,Legal and Forensic Psychology,Universitat Autònoma de Barcelona,3,1
149,Psychogerontology,Universidade de Santiago de Compostela,5,1
149,Psychopharmacology and Drugs of Abuse,Complutense University of Madrid,5,1
150, Architectural Science,Cornell University,2,0
150, Counseling for Mental Health and Wellness,New York University (NYU),1,0
150,Agricultural Economics,American University of Beirut ,2,0
150,Biochemistry,Beirut Arab University,2,0
150,Building Construction Management,Universitat Politècnica de Catalunya · BarcelonaTech (UPC),3,1
150,Cultural Management,Universitat Politecnica de Valencia,5,1
150,Empirical Cultural Studies,Universität Hamburg,2,0
150,Geography (Thesis),McGill University,3,1
150,Integrated Business Management,Universidad Carlos III de Madrid (UC3M),5,1
150,International Educational Development,University of Pennsylvania,2,0
150,Marketing,Universitat Autònoma de Barcelona,5,1
150,Medical Education,Universität Heidelberg,2,0
150,Soil and Water Management,Universitat Autònoma de Barcelona,5,1
151,  Human Nutrition (Non-Thesis),McGill University,3,0
151, Environmental Health Sciences,Yale University,2,0
151, Social Policy,University of Pennsylvania,1,0
151,Building Construction Management,Universitat Politècnica de Catalunya · BarcelonaTech (UPC),5,1
151,Business Finance,Complutense University of Madrid,3,1
151,Cell and Developmental Biology ,University of British Columbia,1,0
151,English Language and Literature,Unversity of Balamand ,2,0
151,Global Surgical Care ,University of British Columbia,2,0
151,Logistics and Supply Chain Management,Universitat Autònoma de Barcelona,4,1
151,Musical Arts,Yale University,2,0
151,Religious Sciences,Holy Spirit University of Kaslik,2,0
151,Wealth and Financial Management,Universitat Ramon Llull,3,1
152, Microbiology (Thesis),McGill University,5,1
152, Physical Therapy Advanced Standing Option,University of Toronto,5,1
152, Physiology (Thesis),McGill University,5,1
152,Access to the Legal Profession and Public Procurement,University of Navarra,2,0
152,Automation and Industrial Computing,Universitat Politecnica de Valencia,2,0
152,Biomedical Engineering,Lebanese International University,2,0
152,Data Science,Universitat de Valencia,3,0
152,Food Engineering,Holy Spirit University of Kaslik,3,0
152,Kinesiology ,University of British Columbia,4,1
152,Latin and Classical Philology,Universität Heidelberg,2,0
152,Master of Business Administration (MBA),Universidad Autónoma de Madrid,3,1
152,Microbiology and Immunology ,University of British Columbia,5,1
152,Pharmaceutical Chemistry,Beirut Arab University,2,0
153, Music Education (Thesis),McGill University,2,0
153, Population and Health Sciences,University of Michigan-Ann Arbor,5,1
153,Biology,Harvard University,3,1
153,Biotechnology,Harvard University,4,1
153,Christianity and Culture,Universität Heidelberg,2,0
153,Conservation and Restoration of Cultural Heritage,Universitat Politecnica de Valencia,2,0
153,Economics and Finance,University of Navarra,2,0
153,Permanent Training in Engineering of Railway Systems,Universidad Carlos III de Madrid (UC3M),1,0
153,Prosthetics and Orthotics,Northwestern University,5,1
153,Radiation Protection,Beirut Arab University,2,0
153,"Religions, Dialogue and Education",Universität Hamburg,2,0
153,Specialist in Biblical Spirituality,Comillas Pontifical University,2,0
154, Public Health,University of Pennsylvania,1,0
154,Communication in Organisations,Universitat Autònoma de Barcelona,1,0
154,Computer Engineering ,Unversity of Balamand ,1,0
154,Criminology and Public Prevention Policies,Universitat Pompeu Fabra (Barcelona),4,1
154,Economics,Beirut Arab University,2,0
154,Industrial Technology Engineering,Universitat Politècnica de Catalunya · BarcelonaTech (UPC),2,0
154,Italian,Universität Hamburg,3,0
154,Mechanical  Engineering ,"University of California, Berkeley (UCB)",3,0
154,Psychology,Comillas Pontifical University,4,1
154,Psychology,Complutense University of Madrid,3,1
154,Psychology,Universitat Ramon Llull,3,1
154,Science and Technology Studies,New York University (NYU),3,0
154,Social Work,Comillas Pontifical University,4,1
154,Social Work,Complutense University of Madrid,5,1
155,Bioresource Engineering ,McGill University,1,0
155,Cognitive Science,Massachusetts Institute of Technology (MIT),4,1
155,Computer Science ,University of Cologne,2,0
155,Industrial Electronics and Automation Engineering,Universidad Carlos III de Madrid (UC3M),1,0
155,Midwifery,Saint Joseph University of Beirut,2,0
155,"Nutrition and Dietetics, Coordinated Program",American University of Beirut ,2,0
155,Psychologie ,Technical University of Darmstadt,5,1
155,Psychology,Holy Spirit University of Kaslik,3,1
155,Social Work,McGill University,4,1
155,Sociology,Universität Heidelberg,2,0
156, Indigenous Teacher Education Program,University of British Columbia,5,1
156,Art and Design,Universitat Autònoma de Barcelona,2,0
156,Building,Universidad Politécnica de Madrid (UPM),3,0
156,Business Administration,Unversity of Balamand ,2,0
156,Economics,Massachusetts Institute of Technology (MIT),3,0
156,Environmental Design,University of British Columbia,2,0
156,Liberal Arts,McGill University,3,0
156,Oceanography,University of British Columbia,3,0
157, Degree Completion,University of Michigan-Ann Arbor,4,1
157,Banking and Finance,Beirut Arab University,3,0
157,Business and Management  information technology,Jinan University,3,0
157,Computer Engineering,Universitat Ramon Llull,2,0
157,Education Studies,Universität Heidelberg,5,1
157,Educational Science,Universität Hamburg,4,1
157,Food Science and Technology,Complutense University of Madrid,2,0
157,Humanities,Universidad Carlos III de Madrid (UC3M),2,0
157,Marketing,Islamic University of Lebanon,3,0
157,Psychology,Holy Spirit University of Kaslik,3,1
158, Health and Exercise Sciences ,University of British Columbia,4,1
158, Physical Therapy,University of Toronto,5,1
158, Physical Therapy (Non-Thesis),McGill University,5,1
158, Professional Kinesiology,University of Toronto,5,1
158,Criminological Sciences and Security,University of Granada,2,0
158,Data Science,Universidad Autónoma de Madrid,3,0
158,Doctoral program in Geotechnical Engineering,Universitat Politècnica de Catalunya · BarcelonaTech (UPC),3,1
158,Maintenance Engineering,Universitat Politecnica de Valencia,2,0
158,Nurse Practitioner,University of British Columbia,1,0
158,Research Methodology in Social Sciences,Complutense University of Madrid,2,0
159, Health and Exercise Sciences ,University of British Columbia,4,1
159, Physical Therapy,University of Toronto,5,1
159, Physical Therapy (Non-Thesis),McGill University,4,1
159, Professional Kinesiology,University of Toronto,4,1
159,Advanced Genetics,Universitat Autònoma de Barcelona,1,0
159,Audiovisual Communication,Antoine University,2,0
159,Biodiversity,Universitat de Barcelona,2,0
159,Computer Science ,Technical University of Darmstadt,2,0
159,General Linguistics,Universität Hamburg,2,0
159,Nautical Science and Maritime Transport Management,Universitat Politècnica de Catalunya · BarcelonaTech (UPC),3,0
159,Scientific facts in the Quran and sunnah,Jinan University,1,0
159,Spanish and Romance Studies,Universität Heidelberg,3,0
160, Methods in Finance,Columbia University,1,0
160, Russian and Slavic Studies (Thesis),McGill University,1,0
160, Urban Systems ,University of British Columbia,3,0
160,Advanced Studies in Chemistry,Universidad de Sevilla,3,0
160,Architecture,"KIT, Karlsruhe Institute of Technology",4,1
160,Architecture,Technical University of Munich,3,1
160,Architecture,Technische Universität Berlin (TU Berlin),4,1
160,Architecture ,Technical University of Darmstadt,4,1
160,Hotel Management,Islamic University of Lebanon,2,0
160,Middle Eastern Studies,Holy Spirit University of Kaslik,3,0
160,Pastoral Management,Saint Joseph University of Beirut,2,0
160,Specialist in Biblical Spirituality,Comillas Pontifical University,3,1
161,American Studies,Universität Heidelberg,3,0
161,Biology,Technical University of Munich,1,0
161,Cosmetics and Fragrances,Universitat Ramon Llull,5,1
161,Interreligious Studies,Universität Heidelberg,2,0
161,Laws,University of Toronto,1,0
161,Mathematics,Eberhard Karls Universität Tübingen,3,0
161,Mathematics,Rheinische Friedrich-Wilhelms-Universität Bonn,1,0
161,Multimedia and Visual Arts,Universitat Politecnica de Valencia,4,1
161,Science and Technology in Architectural Heritage,University of Granada,5,1
161,Theatre Studies,Universitat Pompeu Fabra (Barcelona),4,1
162, Dental Hygiene,University of Michigan-Ann Arbor,4,1
162, Information,University of Toronto,2,0
162, Public Health Policy Track,Yale University,3,1
162,Biotechnology and Entrepreneurship,New York University (NYU),3,0
162,Business Information Systems,University of Göttingen,2,0
162,Computer Graphics and Interactive Media,Unversity of Balamand ,1,0
162,Hispanic American Literature,Complutense University of Madrid,2,0
162,Medical Sociology (Thesis),McGill University,5,1
162,Physics,Goethe-University Frankfurt am Main,2,0
162,Plant Breeding,Universitat Politecnica de Valencia,1,0
162,Public Health,"University of California, Berkeley (UCB)",3,0
163, Dental Hygiene,University of Michigan-Ann Arbor,4,1
163, Public Health ,Yale University,5,1
163, Public Health Combined Degree ,Northwestern University,5,1
163, Public Health Occupational and Environmental Medicine Track (Non Yale Fellows),Yale University,4,1
163, Teaching and Learning (Non-Thesis),McGill University,3,0
163,Automatic Systems and Industrial Electronics Engineering,Universitat Politècnica de Catalunya · BarcelonaTech (UPC),2,0
163,Bioinformatics ,University of British Columbia,1,0
163,Communications and Electronics Engineering,Beirut Arab University,1,0
163,Data Science,Universitat Autònoma de Barcelona,1,0
163,Logic and Philosophy of Science,Ludwig-Maximilians-Universität München,2,0
164, Linguistics (Thesis),McGill University,2,0
164, Public Policy,University of Chicago,1,0
164,Computer Engineering,Complutense University of Madrid,5,1
164,Computer Engineering,Universidad Autónoma de Madrid,4,1
164,Erasmus Mundus Nuclear Fusion and Engineering Physics,Universidad Carlos III de Madrid (UC3M),3,1
164,Health Science – Prevention and Health Promotion,Technical University of Munich,2,0
164,Mathematics,Universität Hamburg,3,0
164,Neuroengineering and Rehabilitation,Universitat Politècnica de Catalunya · BarcelonaTech (UPC),5,1
164,Pathology (Thesis),McGill University,3,0
164,Physical Activity and Health ,Unversity of Balamand ,1,0
165,Computer Science,Unversity of Balamand ,2,0
165,Engineering Physics,Universitat Politècnica de Catalunya · BarcelonaTech (UPC),5,1
165,Erasmus Mundus Master of Science in Textile Engineering,Universitat Politecnica de Valencia,5,1
165,Film Production ,University of British Columbia,3,0
165,Industrial Engineering,University of Salamanca,5,1
165,Management,University of British Columbia,2,0
165,Management ,University of Göttingen,3,0
165,Mathematics ,Friedrich-Alexander-Universität Erlangen-Nürnberg,2,0
165,Mechanical Engineering,Universitat Politecnica de Valencia,4,1
165,Neuroengineering and Rehabilitation,Universitat Politècnica de Catalunya · BarcelonaTech (UPC),3,1
165,Project Management,Jinan University,1,0
165,Sociology,American University of Beirut ,2,0
165,Thermal Engineering,Universitat Politècnica de Catalunya · BarcelonaTech (UPC),5,1
166, Kinesiology ,University of Toronto,1,0
166,Applied Animal Biology,University of British Columbia,3,0
166,Atmospheric Environment and Air Quality,McGill University,2,0
166,Banking and Finance,Modern University for Business and Science,2,0
166,Computer Engineering,McGill University,2,0
166,Computer Science,Notre Dame University ,2,0
166,Criminology and Public Prevention Policies,Universitat Pompeu Fabra (Barcelona),4,1
166,Physics,Lebanese International University,3,0
166,Psychology,Universitat Autònoma de Barcelona,5,1
166,Psychology,Universitat Ramon Llull,4,1
166,Psychology,Universität Hamburg,5,1
166,Psychology ,Friedrich-Alexander-Universität Erlangen-Nürnberg,5,1
166,Religious Studies,Saint Joseph University of Beirut,3,0
167,Employment and Labor Relations,Universidad Carlos III de Madrid (UC3M),3,0
167,English Studies,University of Granada,2,0
167,Fine Arts,Universitat de Barcelona,1,0
167,Food and Beverage Management,Notre Dame University ,1,0
167,Music,Johns Hopkins University,2,0
167,Psychology,Holy Spirit University of Kaslik,4,1
167,Psychology,Islamic University of Lebanon,4,1
167,Psychology,Universität Hamburg,5,1
167,Social Work,Haigazian University,4,1
167,Voice,McGill University,1,0
168, Second Language Education (Thesis),McGill University,1,0
168,Applied Urban Science and Informatics,New York University (NYU),3,1
168,Artistic Production,Universitat Politecnica de Valencia,3,1
168,Chemical and Biological Engineering,Friedrich-Alexander-Universität Erlangen-Nürnberg,2,0
168,Computer Science,Cornell University,5,1
168,Computer Science,"University of California, Los Angeles (UCLA)",5,1
168,Cybersecurity,New York University (NYU),4,1
168,Information Systems and Artificial Intelligence for Business and Management  and Management,Johns Hopkins University,3,0
168,Mechanical Engineering,Beirut Arab University,1,0
168,Physics ,University of British Columbia,2,0
168,Research Methodology in Social Sciences,Complutense University of Madrid,1,0
169, Transportation and Logistics ,University of British Columbia,3,1
169,Anthropology ,University of British Columbia,2,0
169,Astrophysics,Complutense University of Madrid,3,0
169,Computer Science,"University of California, Los Angeles (UCLA)",4,1
169,Cybersecurity Risk and Strategy,New York University (NYU),4,1
169,Information Science,Cornell University,5,1
169,Management and Systems ,New York University (NYU),3,1
169,Psychology,Unversity of Balamand ,2,0
169,Social Communication,Complutense University of Madrid,3,0
169,"Telecommunications, Data Protection, Audiovisual and Information Society Law",Universidad Carlos III de Madrid (UC3M),2,0
170, Computer Techniques,University of Pennsylvania,5,1
170, Human Resources Management,New York University (NYU),2,0
170,Computer Science,California Institute of Technology (Caltech),5,1
170,Computer Science,"University of California, Berkeley (UCB)",5,1
170,English Language ,American University of Beirut ,2,0
170,Graphic Design,American University of Beirut ,3,1
170,Italian Studies,McGill University,2,0
170,"Logic, Information, and Computation",University of Pennsylvania,5,1
170,Modern Languages ??and Literatures,Universitat de Valencia,3,0
170,Mountain Guide and Outdoor Activities ,Antoine University,2,0
170,Nanoscience,Universität Hamburg,2,0
170,Psychology,University of Cologne,3,0
171,Applied Computer Science ,University of Göttingen,5,1
171,Art,Yale University,2,0
171,Art History,American University of Beirut ,1,0
171,Bioinformatics,Freie Universitaet Berlin,4,1
171,Biomedichal Engineering ,American University of Science and Technology,2,0
171,Computer Science,Albert-Ludwigs-Universitaet Freiburg,4,1
171,Computer Science ,Goethe-University Frankfurt am Main,5,1
171,Computing in Science,Universität Hamburg,5,1
171,Medicine  International Program in Medicine,University of Navarra,2,0
171,"Religion, Literature, and the Arts",University of British Columbia,2,0
171,Science in biomadical engineering,Rafik Hariri  University ,2,0
171,Sport and Exercise Science,Universitat Ramon Llull,1,0
172, Special Education,Haigazian University,3,0
172,Accounting,Notre Dame University ,2,0
172,Accounting and Finance,Jinan University,2,0
172,Chemistry,Universitat Ramon Llull,5,1
172,Jewish Studies,McGill University,1,0
172,Mathematics,Universitat Autònoma de Barcelona,4,1
172,Mathematics,Universitat de Barcelona,5,1
172,Physics,Complutense University of Madrid,4,1
172,Political Science,Princeton University,2,0
172,Religious Studies,Saint Joseph University of Beirut,3,0
172,Travel and Airline Services,Islamic University of Lebanon,1,0
173," Feminist, Gender, and Sexuality Studies",Cornell University,2,0
173,Arabic Language and Literature,Saint Joseph University of Beirut,1,0
173,Chemical and BioEngineering,Universität Stuttgart,1,0
173,Chemistry,Universidad de Sevilla,4,1
173,Chemistry,University of Pennsylvania,5,1
173,Geology,Universitat Autònoma de Barcelona,5,1
173,Industrial Engineering and Management,Technische Universität Berlin (TU Berlin),3,0
173,MD Program ,Unversity of Balamand ,2,0
173,Musical Science and Technology,McGill University,2,0
173,Philosophy,McGill University,2,0
173,Physics,Universitat Autònoma de Barcelona,5,1
173,Religion and Globalization,McGill University,2,0
174, Biomedical  Engineering,Yale University,1,0
174, Education and Society (Non-Thesis),McGill University,1,0
174,Egyptology,Universität Heidelberg,5,1
174,Entrepreneurship and Social Innovation,Universitat Autònoma de Barcelona,3,0
174,Historical Musicology,Universität Hamburg,5,1
174,Materials Science and  Engineering,Columbia University,2,0
174,Philosophy,University of Cologne,5,1
174,Soil Science,University of British Columbia,2,0
174,Terrestrial Ecology and Biodiversity Management,Universitat Autònoma de Barcelona,2,0
174,Theologica,Saint Joseph University of Beirut,4,1
175, Music Education (Non-Thesis),McGill University,2,0
175,Behavioral and Health Sciences Methodology,Complutense University of Madrid,3,0
175,Chemical Engineering,Holy Spirit University of Kaslik,2,0
175,European Union-China,Universitat Autònoma de Barcelona,3,0
175,Food Technology,Technische Universität Berlin (TU Berlin),2,0
175,Industrial Engineering,Lebanese International University,2,0
175,Reading/Writing/Literacy ,University of Pennsylvania,5,1
175,Special Education ,University of British Columbia,3,0
176, Africana Studies,University of Pennsylvania,2,0
176,Chemical Biology,"KIT, Karlsruhe Institute of Technology",2,0
176,Environmental Studies,Yale University,3,0
176,Marine Technologies,Universitat Politècnica de Catalunya · BarcelonaTech (UPC),3,0
176,Medical Engineering ,Technical University of Darmstadt,2,0
176,Nautical Science and Maritime Transport,Universitat Politècnica de Catalunya · BarcelonaTech (UPC),4,1
176,Radio/TV,Notre Dame University ,1,0
176,Romance Studies,University of British Columbia,2,0
177, Atmospheric Science,Cornell University,1,0
177, Urban Sociology,University of Pennsylvania,2,0
177,Advertising and Communication ,Haigazian University,3,0
177,History,Universitat Autònoma de Barcelona,2,0
177,Marine Technologies,Universitat Politècnica de Catalunya · BarcelonaTech (UPC),5,1
177,Museum Studies,University of British Columbia,2,0
177,Nautical Science and Maritime Transport,Universitat Politècnica de Catalunya · BarcelonaTech (UPC),5,1
177,Optics and Optometry,Universitat Politècnica de Catalunya · BarcelonaTech (UPC),2,0
177,School Elementary Teaching ,Jinan University,1,0
177,World Cinemas,McGill University,3,0
178,Arabic Language and Literature,Beirut Arab University,5,1
178,Arabic Language and Literature,Unversity of Balamand ,4,1
178,Biomedical  Engineering,University of British Columbia,2,0
178,Biophysics,University of Pennsylvania,1,0
178,Earth Sciences,Universität Heidelberg,2,0
178,English Language,Haigazian University,5,1
178,English Studies,American University of Science and Technology,5,1
178,French Literature,Saint Joseph University of Beirut,4,1
178,Mechanical engineering,Friedrich-Alexander-Universität Erlangen-Nürnberg,2,0
178,Philosophy ,Holy Spirit University of Kaslik,5,1
178,Psychologie ,Technical University of Darmstadt,2,0
178,Sociology,University of Chicago,3,0
179, Ancient Near East,University of Pennsylvania,3,0
179, Earth and Planetary Sciences,Johns Hopkins University,3,0
179,Economics,Universitat Autònoma de Barcelona,1,0
179,Economics and International Economics and Finance,University of Navarra,2,0
179,English Language and Literature,Beirut Arab University,4,1
179,English Language and Literature,Holy Spirit University of Kaslik,5,1
179,Geography and Land Management,Universidad de Sevilla,1,0
179,Law ,McGill University,2,0
179,Modern Languages and Translation,Holy Spirit University of Kaslik,5,1
179,Religious Studies,Saint Joseph University of Beirut,3,1
179,Sociology,University of Chicago,1,0
179,Speech-Language Therapy,Islamic University of Lebanon,4,1
179,Studio Arts ,American University of Beirut ,1,0
180, Foundations of Computer Science,Columbia University,3,0
180, Higher Education,University of Toronto,3,1
180,"Biochemistry, Molecular Biology and Biomedicine",Universitat Autònoma de Barcelona,1,0
180,Biomarketing,Saint Joseph University of Beirut,2,0
180,Curriculum & Pedagogy,University of Toronto,4,1
180,Curriculum Studies ,University of British Columbia,5,1
180,Data Science,Universitat Autònoma de Barcelona,2,0
180,General Musicology of Modal Traditions ,Antoine University,2,0
180,Health Science – Prevention and Health Promotion,Technical University of Munich,2,0
180,International Educational Development,University of Pennsylvania,5,1
180,Landscape Architecture ,University of Toronto,2,0
180,Social Studies Education ,University of British Columbia,5,1
180,Theology,Holy Spirit University of Kaslik,2,0
181, Information Systems,Cornell University,3,1
181, Second Language Education (Thesis),McGill University,3,1
181,Adult Learning and Education ,University of British Columbia,3,1
181,Artificial Intelligence,Universitat Politècnica de Catalunya · BarcelonaTech (UPC),3,0
181,Bioengineering,"KIT, Karlsruhe Institute of Technology",3,0
181,Early Childhood Education ,University of British Columbia,4,1
181,Education,"University of California, Los Angeles (UCLA)",5,1
181,Education Policy ,University of Pennsylvania,4,1
181,Fashion and Beauty Business Management,Universidad Carlos III de Madrid (UC3M),2,0
181,General Health Psychology,University of Navarra,2,0
181,Literacy Education ,University of British Columbia,5,1
181,Medieval European Identity,Universitat Autònoma de Barcelona,2,0
181,Psychology,Goethe-University Frankfurt am Main,2,0
182, Human Resources Management,New York University (NYU),4,1
182, International Business and Management  and Management and Global Management,New York University (NYU),4,1
182,Biotechnology,Technische Universität Berlin (TU Berlin),2,0
182,Business and Management  and Management Administration,"University of California, Berkeley (UCB)",5,1
182,Business and Management  and Management and Technology,University of Pennsylvania,3,0
182,Chemistry,Universität Hamburg,2,0
182,Classical Philology,Universität Hamburg,1,0
182,Health Care Markets and Finance,University of Pennsylvania,5,1
182,Medical Social Assistance,Jinan University,2,0
182,Organizational Behavior and Change,New York University (NYU),4,1
182,Physics,Universität Heidelberg,2,0
182,Visual Arts,University of Chicago,1,0
183, Biological Basis of Behavior,University of Pennsylvania,2,0
183, Sociology,Northwestern University,2,0
183,Accounting,Lebanese International University,4,1
183,Accounting,Modern University for Business and Science,5,1
183,Biomedical Sciences,Universitat Autònoma de Barcelona,1,0
183,Economics,Goethe-University Frankfurt am Main,1,0
183,Economics and Mathematics and Statistics,Complutense University of Madrid,2,0
183,Finance,American University of Science and Technology,4,1
183,Hospitality Management emphasis ,Haigazian University,4,1
183,Hotel Management,Islamic University of Lebanon,5,1
183,Microbiology,Universitat Autònoma de Barcelona,2,0
183,Nursing  Diploma in Psychology of Caregiving,University of Navarra,2,0
184, Laws ,University of British Columbia,1,0
184,Applications and Technologies for Unmanned Aircraft Systems,Universitat Politècnica de Catalunya · BarcelonaTech (UPC),4,1
184,"Biochemistry, Molecular Biology and Biomedicine",Complutense University of Madrid,3,0
184,Bioinformatics for Health Sciences,Universitat Pompeu Fabra (Barcelona),5,1
184,Cybersecurity,Universitat Politècnica de Catalunya · BarcelonaTech (UPC),4,1
184,E-Journalism and E-Communication,Holy Spirit University of Kaslik,2,0
184,Hotel Business Administration and Management,Complutense University of Madrid,2,0
184,Intelligent Transport Systems,Universitat Politecnica de Valencia,4,1
184,Management and Digital Technologies ,Ludwig-Maximilians-Universität München,1,0
184,Mechanical  Engineering,Columbia University,2,0
184,Public Law,Islamic University of Lebanon,3,0
184,Software Development,University of Granada,4,1
184,"Software Engineering, Formal Methods and Information Systems",Universitat Politecnica de Valencia,4,1
185, Epidemiology (Thesis),McGill University,2,0
185,Arabic and Islamic Philosophy,Saint Joseph University of Beirut,1,0
185,Cloud and High-Performance Computing,Universitat Politecnica de Valencia,5,1
185,Condensed Matter Physics and Biological Systems,Universidad Autónoma de Madrid,5,1
185,Geopolitics and Strategic Studies,Universidad Carlos III de Madrid (UC3M),3,0
185,International Security,Universitat Autònoma de Barcelona,3,0
185,Museum Education ,University of British Columbia,1,0
185,Pharmacogenomics and personalized Medicine,Beirut Arab University,3,0
185,Plant Health in Sustainable Cropping Systems,Universitat Politecnica de Valencia,4,1
185,Software Development,University of Granada,5,1
185,media studies,American University of Beirut ,1,0
186, Mathematics,Johns Hopkins University,3,0
186,Business Sciences-Management,Universitat Pompeu Fabra (Barcelona),2,0
186,Commerce,University of British Columbia,1,0
186,Events Management,Notre Dame University ,3,0
186,Graphisme et Publicité,Unversity of Balamand ,2,0
186,Industrial  Engineering,Northwestern University,2,0
186,Law,Islamic University of Lebanon,3,0
186,Media and Communication Studies,Universität Hamburg,5,1
186,Theology,McGill University,2,0
187, Latin American Studies,Yale University,3,0
187,Computer Graphics and Animation,Notre Dame University ,2,0
187,Electircal Engineering,Unversity of Balamand ,1,0
187,Management Information Systems,American University of Science and Technology,2,0
187,Media and Communication Studies,Universität Hamburg,5,1
187,Modern Languages and Literatures,Complutense University of Madrid,3,1
187,Pharmacy,University of British Columbia,3,0
187,Theatre: Acting,University of British Columbia,2,0
187,Translation ,Saint Joseph University of Beirut,3,0
188, Astronomy,Yale University,3,1
188, Chemistry,Johns Hopkins University,4,1
188, Physics and Philosophy,Yale University,3,1
188,Architecture,Notre Dame University ,3,0
188,Astronomy and Physics,Yale University,4,1
188,Biomedical Engineering,Rafik Hariri  University ,2,0
188,Communication and Visual Art,Holy Spirit University of Kaslik,3,0
188,Italian Studies,McGill University,1,0
188,Mathematical Engineering and Artificial Intelligence,Comillas Pontifical University,3,0
188,Mathematics,California Institute of Technology (Caltech),3,1
188,Political Science,Universidad Carlos III de Madrid (UC3M),1,0
188,Textile Technology and Design,Universitat Politècnica de Catalunya · BarcelonaTech (UPC),2,0
188,Videogame Design and Virtual Environments,IE University,2,0
189,Actuarial and Financial Mathematics,Holy Spirit University of Kaslik,3,1
189,Applied Mathematics,Unversity of Balamand ,5,1
189,Bioinformatics,Universitat Autònoma de Barcelona,2,0
189,Business Administration and Computer Science and Artificial Intelligence,IE University,1,0
189,Chemistry,American University of Beirut ,3,1
189,Information Science,Cornell University,3,0
189,Marketing,Universitat Ramon Llull,1,0
189,Mathematics,Saint Joseph University of Beirut,5,1
189,Mathematics Applied Statistics,Beirut Arab University,4,1
189,Physics,Saint Joseph University of Beirut,5,1
189,Political Science,"University of California, Los Angeles (UCLA)",3,0
189,Primary Education,Universidad de Zaragoza,3,0
189,Psychology,Complutense University of Madrid,1,0
189,Tourism,Complutense University of Madrid,2,0
190, Divinity,University of Chicago,2,0
190, Environment Law(Thesis),McGill University,5,1
190, Law (Thesis),McGill University,4,1
190,Bioethics Law(Thesis),McGill University,4,1
190,Business and Economic Education,Goethe-University Frankfurt am Main,2,0
190,Computational Science,American University of Beirut ,1,0
190,Conservation Biology,Complutense University of Madrid,1,0
190,Customer Experience and Innovation,IE University,1,0
190,"Gender, Race, Sexuality, and Social Justice",University of British Columbia,3,1
190,Juris Doctor,University of Toronto,4,1
190,Mechatronics Engineering,Universitat Politecnica de Valencia,2,0
190,Physical Anthropology,Complutense University of Madrid,2,0
190,Social Justice Education,University of Toronto,4,1
190,"Specialization in Sustainable Land Management, Use and Policy",Yale University,1,0
191, Advanced Management,Yale University,3,1
191, Law (Non-Thesis),McGill University,4,1
191, Plant Pathology,Cornell University,2,0
191,Criminology,University of Toronto,3,1
191,"Gender, Race, Sexuality, and Social Justice",University of British Columbia,4,1
191,Infection Prevention and Control,Beirut Arab University,2,0
191,Interior Architecture and Design,Unversity of Balamand ,1,0
191,Juris Doctor,University of Toronto,5,1
191,Management Information Systems,Islamic University of Lebanon,3,1
191,Preschool and Primary Education in Pedagogical Remediation and Supervision,Saint Joseph University of Beirut,2,0
192, Computer Science (Non-Thesis),McGill University,5,1
192, Computer Security,Columbia University,4,1
192, Urban Systems ,University of British Columbia,3,1
192,Advanced Studies in Labor and Employment,Complutense University of Madrid,1,0
192,Applied Research in Economics and Business,Universitat Autònoma de Barcelona,2,0
192,Cybersecurity Risk and Strategy,New York University (NYU),4,1
192,Economics,Beirut Arab University,3,0
192,Heritage of Islamic Arab Architecture,Beirut Arab University,2,0
192,Information Systems and Artificial Intelligence for Business and Management  and Management,Johns Hopkins University,4,1
192,Management,American University of Science and Technology,2,0
192,Neuroengineering and Rehabilitation,Universitat Politècnica de Catalunya · BarcelonaTech (UPC),2,0
192,Principles of Health and Disease,Ludwig-Maximilians-Universität München,3,0
193, Computer Security,Columbia University,4,1
193, Management Information Systems ,University of British Columbia,4,1
193,Advanced Telecommunication Technologies,Universitat Politècnica de Catalunya · BarcelonaTech (UPC),3,0
193,Diplomacy and International Security,Holy Spirit University of Kaslik,1,0
193,Finance,Comillas Pontifical University,3,0
193,Information Health Engineering,Universidad Carlos III de Madrid (UC3M),1,0
193,Information Systems,Cornell University,5,1
193,Legal Profession and Legal Representation,Universitat Autònoma de Barcelona,1,0
193,Medical Surgical Nursing,Beirut Arab University,1,0
193,Network Systems,Columbia University,3,1
193,Sport Science,Universität Heidelberg,2,0
193,Sustainability Science and Technology,Universitat Politècnica de Catalunya · BarcelonaTech (UPC),2,0
194, Jazz,University of Toronto,2,0
194,Biodiversity,University of Göttingen,5,1
194,Biology,Technical University of Munich,5,1
194,Chemical Biology,"KIT, Karlsruhe Institute of Technology",5,1
194,Chemistry and Biochemistry for Health,Universitat Autònoma de Barcelona,1,0
194,Educational Administration,Islamic University of Lebanon,2,0
194,Electrical and Electronic Engineering,Saint Joseph University of Beirut,1,0
194,Guitar ,University of British Columbia,2,0
194,Latin American and Caribbean Studies,University of Chicago,3,0
194,"Libraries, Archives and Digital Continuity",Universidad Carlos III de Madrid (UC3M),1,0
194,Nanoscience,Universität Hamburg,4,1
194,Oceans and Fisheries ,University of British Columbia,2,0
194,Principles of Health and Disease,Ludwig-Maximilians-Universität München,5,1
195,Aeronautics and Astronautics ,Stanford University,2,0
195,Applied Clinical Research in Health Sciences,Universitat Autònoma de Barcelona,3,1
195,Chemistry,Universität Heidelberg,3,1
195,Connected Industry,Universidad Carlos III de Madrid (UC3M),2,0
195,Finance,Harvard University,2,0
195,Geopolitics and Strategic Studies,Universidad Carlos III de Madrid (UC3M),1,0
195,History of Art,University of Toronto,1,0
195,Leadership And Human Resources Management,Saint Joseph University of Beirut,3,0
195,Microbiology and Parasitology,Complutense University of Madrid,5,1
195,Neuroscience,University of Salamanca,3,1
195,Neurosciences,Universitat Autònoma de Barcelona,4,1
196,Aerospace Science and Technology,Universitat Politècnica de Catalunya · BarcelonaTech (UPC),2,0
196,Chemistry and Biochemistry for Health,Universitat Autònoma de Barcelona,2,0
196,Gerontology and Care,Universität Heidelberg,1,0
196,Nuclear Physics,University of Salamanca,3,0
196,Osteopathy,Universitat Autònoma de Barcelona,1,0
196,Political Science,Universität Hamburg,2,0
196,Reading/Writing/Literacy ,University of Pennsylvania,4,1
196,Sanitary Biology,Complutense University of Madrid,2,0
196,Science Education ,University of British Columbia,3,0
197,  Family and Community Medicine,University of Toronto,1,0
197, Biostatistics (Thesis),McGill University,2,0
197, Food Science and Agricultural Chemistry (Non-Thesis),McGill University,1,0
197,Arabic Language,Jinan University,5,1
197,Chemistry (Thesis),McGill University,2,0
197,Comparative Literature,Universitat Autònoma de Barcelona,5,1
197,Contemporary History,Complutense University of Madrid,5,1
197,Economics,Universität Heidelberg,2,0
197,English Linguistics,Complutense University of Madrid,4,1
197,Financial  Engineering,New York University (NYU),1,0
197,General Health Psychology,Comillas Pontifical University,2,0
197,Radiation Protection,Beirut Arab University,2,0
197,"Spanish Language, Hispanic Literature and Spanish as a Foreign Language",Universitat Autònoma de Barcelona,5,1
198, Chemical Engineering,Cornell University,5,1
198, Conducting (Thesis),McGill University,2,0
198, Electrical and Computer Engineering,Cornell University,5,1
198, Systems  Engineering,Columbia University,5,1
198,Chemie ,Technical University of Darmstadt,1,0
198,Curriculum and Educational Management,Unversity of Balamand ,2,0
198,Doctoral program in Computing,Universitat Politècnica de Catalunya · BarcelonaTech (UPC),1,0
198,Financial Insurance,University of Toronto,3,0
198,Mechanical  Engineering,New York University (NYU),4,1
198,Oceanography ,University of British Columbia,2,0
198,Physics,Rheinische Friedrich-Wilhelms-Universität Bonn,1,0
198,Software  Engineering,Harvard University,3,0
198,Sports Management ,Unversity of Balamand ,1,0
199, Biomedical Engineering,Cornell University,4,1
199, Civil  Engineering,Columbia University,5,1
199, French Language and Literature ,Unversity of Balamand ,2,0
199, History (Thesis),McGill University,2,0
199,Bioinformatics ,University of British Columbia,2,0
199,Chemical  Engineering,New York University (NYU),4,1
199,Chemical  Engineering,Yale University,3,1
199,Chemistry,Beirut Arab University,2,0
199,Experiential Humanist Psychotherapy and in Emotion Focused Therapy,Comillas Pontifical University,2,0
199,Process for the Canonical Annulment of Marriage,Comillas Pontifical University,2,0
199,Teaching English as a Second Language ,University of British Columbia,2,0
199,Vocal Pedagogy,University of Toronto,2,0
200, History,University of Chicago,1,0
200, Indigenous Teacher Education Program,University of British Columbia,4,1
200,Art History,Universitat Autònoma de Barcelona,2,0
200,Canadian Studies,McGill University,1,0
200,Italian,Yale University,2,0
200,Mathematics ,Technical University of Darmstadt,2,0
200,Performing Arts,Holy Spirit University of Kaslik,2,0
200,Psychology ,Friedrich-Alexander-Universität Erlangen-Nürnberg,1,0
200,Turkish Language,McGill University,2,0
201, Archaeology,Cornell University,2,0
201, Indigenous Teacher Education Program,University of British Columbia,4,1
201,Automation and Industrial Electronic Engineering,Universitat Autònoma de Barcelona,2,0
201,Business Administration,Islamic University of Lebanon,1,0
201,Business Information Systems,Modern University for Business and Science,1,0
201,"Contemporary History, Politics and Economics",Universitat Autònoma de Barcelona,3,0
201,Italian,Yale University,1,0
201,"Logic, Information, and Computation",University of Pennsylvania,2,0
201,Visual Art (BFA) (Honours) (Vancouver Campus),University of British Columbia,3,1
202,African Languages and Cultures,Universität Hamburg,5,1
202,Building,Universidad Politécnica de Madrid (UPM),1,0
202,Desautels Faculty of Management,McGill University,3,0
202,Ecological Agriculture,McGill University,2,0
202,Energy Engineering,Universitat Politecnica de Valencia,3,0
202,Green and Sustainable Chemistry,Beirut Arab University,3,0
202,History ,Friedrich-Alexander-Universität Erlangen-Nürnberg,5,1
202,Law and Political Science,Complutense University of Madrid,1,0
202,Music Education,McGill University,2,0
202,Musicology,Universität Heidelberg,5,1
202,Translation Studies for Information Technologies,Universität Heidelberg,5,1
203, Chemical  Engineering,Cornell University,1,0
203,French and Romance Studies,Universität Heidelberg,5,1
203,Gender and Women’s Studies,University of British Columbia,3,0
203,Geography,University of British Columbia,3,0
203,Industrial Design and Product Development,Universitat Politècnica de Catalunya · BarcelonaTech (UPC),2,0
203,Languages and Cultures of India and Tibet,Universität Hamburg,5,1
203,Languages and Cultures of Southeast Asia,Universität Hamburg,4,1
203,School Elementary Teaching ,Jinan University,3,0
203,Sociology,Universidad Carlos III de Madrid (UC3M),2,0
203,Spanish,Universität Hamburg,3,0
204,"European Master Waves, Acoustics, Vibrations, Engineering and Sound",Universitat Politecnica de Valencia,3,0
204,Hospital Clinical Optometry,Complutense University of Madrid,2,0
204,International Management,Comillas Pontifical University,3,0
204,"International Relations, Security and Development",Universitat Autònoma de Barcelona,3,0
204,Manual Therapy and Osteopathy,Saint Joseph University of Beirut,5,1
204,Medical Physiology,Beirut Arab University,5,1
204,Molecular Life Sciences,Universität Hamburg,2,0
204,Old Book and Bibliographic Heritage,Complutense University of Madrid,2,0
204,Operative and Esthetic Dentistry,Beirut Arab University,3,1
204,Production and Management of Organic Agriculture,Comillas Pontifical University,3,0
204,Public Health,Saint Joseph University of Beirut,5,1
204,Public Health,"University of California, Berkeley (UCB)",5,1
204,Social Policy and Community Action,Universitat Autònoma de Barcelona,2,0
205,  Human Nutrition (Non-Thesis),McGill University,4,1
205, Dental Sciences (Non-Thesis),McGill University,5,1
205, Occupational Therapy (Non-Thesis),McGill University,3,0
205, Public Health Combined Degree ,Northwestern University,5,1
205, Specialization in Ecosystem Conservation and Management Conservation and Management,Yale University,1,0
205,Banking and Quantitative Finance,Complutense University of Madrid,1,0
205,Biologie ,Technical University of Darmstadt,3,0
205,Chemical  Engineering,Stanford University,1,0
205,Communication Literature and Media in Modern South Asian Languages,Universität Heidelberg,1,0
205,Human Nutrition ,University of British Columbia,5,1
205,LGBTIQ Studies,Complutense University of Madrid,3,0
205,Nuclear Physics,University of Salamanca,3,0
205,Specialized Economic Analysis,Universitat Autònoma de Barcelona,3,0
206, Computational Analysis and Public Policy,University of Chicago,3,0
206, Computer Science,Yale University,3,0
206,Communication and Society in Ibero-America,Universität Heidelberg,5,1
206,Cybersecurity,Universitat Politècnica de Catalunya · BarcelonaTech (UPC),2,0
206,European Union-China,Universitat Autònoma de Barcelona,2,0
206,Financial Analysis and Banking Management,Universidad Carlos III de Madrid (UC3M),2,0
206,Food Science and Engineering,Universitat Politecnica de Valencia,2,0
206,Journalism ,Ludwig-Maximilians-Universität München,5,1
206,Journalism and Communication Science,Universität Hamburg,5,1
206,Media Studies,Universität Hamburg,5,1
207, Music Education (Non-Thesis),McGill University,2,0
207, Plant Science (Thesis),McGill University,2,0
207,Advanced Biology,Universidad de Sevilla,1,0
207,Curriculum and Leadership ,University of British Columbia,2,0
207,Finance,Comillas Pontifical University,2,0
207,Financial Insurance,University of Toronto,1,0
207,Medieval Studies,Complutense University of Madrid,1,0
207,Structural and Construction Engineering,Universitat Politècnica de Catalunya · BarcelonaTech (UPC),1,0
207,media studies,American University of Beirut ,5,1
208, Biology (Thesis),McGill University,4,1
208, International Relations,University of Chicago,3,1
208, Seniors Care ,University of British Columbia,5,1
208, Wound Prevention and Care,University of Toronto,3,1
208,Advanced Studies in History of Spanish Art,Complutense University of Madrid,2,0
208,Biochemistry and Molecular Biology ,University of British Columbia,5,1
208,Biomedical Informatics ,Stanford University,2,0
208,Cell and Developmental Biology ,University of British Columbia,5,1
208,French and Transcultural Studies,Universität Heidelberg,3,0
208,Special Education,Complutense University of Madrid,3,0
208,Technology of Education,Holy Spirit University of Kaslik,2,0
209, Otolaryngology (Thesis),McGill University,4,1
209, Specialization in Ecosystem Conservation and Management Conservation and Management,Yale University,3,0
209,Applied Clinical Pharmacology,University of Toronto,3,1
209,Audiology and Speech Sciences ,University of British Columbia,4,1
209,Computer Science,Modern University for Business and Science,2,0
209,Criminology and Criminal Justice System,Universitat Pompeu Fabra (Barcelona),2,0
209,French and Transcultural Studies,Universität Heidelberg,3,0
209,Space and Aeronautical Engineering,Universitat Politècnica de Catalunya · BarcelonaTech (UPC),3,1
209,Surgery ,University of British Columbia,4,1
209," Urban Planning, Policy ",American University of Beirut ,3,0
210, Archaeological Studies,Yale University,4,1
210, Linguistics,Yale University,5,1
210,Architecture,Unversity of Balamand ,2,0
210,Ecological Determinants of Health in Society,McGill University,3,0
210,Electrical Engineering and Information Technology,"KIT, Karlsruhe Institute of Technology",1,0
210,History of Art,Yale University,5,1
210,International Relations and Development Expert,Complutense University of Madrid,3,1
210,Italian,Yale University,4,1
210,Kindergarten ,Jinan University,3,0
210,Marketing,Islamic University of Lebanon,1,0
210,Public Administration,Islamic University of Lebanon,2,0
210,South Asia Studies,University of Pennsylvania,3,1
210,World Cinemas,McGill University,2,0
211, Africana Studies,Johns Hopkins University,5,1
211, Arabic and Hebrew Studies,University of Pennsylvania,5,1
211, Classical Studies,University of Chicago,5,1
211,Atmospheric Science,McGill University,2,0
211,Biochemistry,Beirut Arab University,3,0
211,Chemistry,University of Cologne,2,0
211,Civil Engineering,Universitat Politècnica de Catalunya · BarcelonaTech (UPC),3,0
211,Economics,Complutense University of Madrid,2,0
211,Education for Arts Students,McGill University,1,0
211,Electrical  Engineering (Okanagan Campus),University of British Columbia,2,0
211,English,"University of California, Los Angeles (UCLA)",5,1
211,History,Yale University,5,1
211,Humanities,Yale University,4,1
211,Medicine and Surgery,Beirut Arab University,2,0
212, Hispanic Studies (Non-Thesis),McGill University,3,1
212, Hispanic Studies (Thesis),McGill University,5,1
212, Italian (Thesis),McGill University,5,1
212, Marketing Communication,Unversity of Balamand ,2,0
212,Architecture d’Intérieur,Unversity of Balamand ,2,0
212,Computer Engineering,Technische Universität Berlin (TU Berlin),1,0
212,Economics,Lebanese International University,2,0
212,English (Thesis),McGill University,4,1
212,General Business Administration,Haigazian University,1,0
212,International Law,Universität Heidelberg,2,0
212,Molecular Life Sciences,Universität Hamburg,2,0
212,Nursing Innovation Applied to Vulnerability and Health,Universitat Autònoma de Barcelona,2,0
212,Religious Studies (Non-Thesis),McGill University,3,0
212,Theory (Thesis),McGill University,4,1
213, Health Care Management,Yale University,3,0
213, Information,University of Toronto,1,0
213, Nursing,University of Toronto,2,0
213, Seniors Care ,University of British Columbia,3,0
213, Urban Planning (Non-Thesis),McGill University,2,0
213,Archaeology,Universitat de Valencia,5,1
213,Conference Interpreting,Universitat Autònoma de Barcelona,4,1
213,Dictionary Production and Quality Control for Spanish Words,Universitat Autònoma de Barcelona,3,1
213,History of Contemporary Art and Visual Culture,Complutense University of Madrid,5,1
213,Integrative Learning Therapy ,Universität Hamburg,2,0
213,Sciences of Religions,Complutense University of Madrid,5,1
213,World History,Universitat Pompeu Fabra (Barcelona),4,1
214, Landscape Architecture,Cornell University,3,0
214, Plant Sciences,Cornell University,2,0
214,"Advertising Arts and Visual Media, Communication and Journalism",Jinan University,5,1
214,Advertising and Communication ,Haigazian University,4,1
214,Audiovisual Communication,Complutense University of Madrid,4,1
214,Biology,McGill University,2,0
214,Business Administration and Management  Finance and Accounting,University of Navarra,3,0
214,Civil  Engineering,New York University (NYU),2,0
214,Computer Engineering,Holy Spirit University of Kaslik,3,0
214,Education,Universitat de Barcelona,3,0
214,Interactive Communication,Universitat Autònoma de Barcelona,5,1
214,Journalism,Universidad Carlos III de Madrid (UC3M),4,1
214,radio and television,Jinan University,5,1
215, Asian Studies,Cornell University,2,0
215, History of Art,Johns Hopkins University,2,0
215,Advertising and Public Relations,Universitat Pompeu Fabra (Barcelona),3,0
215,Audiovisual Communication,Universidade de Santiago de Compostela,5,1
215,Comprehensive Design ,IE University,3,0
215,Construction Engineering,American University of Beirut ,2,0
215,Education program Early Childhood,Beirut Arab University,2,0
215,Human Movement Science,Universität Hamburg,1,0
215,Journalism,Complutense University of Madrid,5,1
215,Journalism,Universitat Pompeu Fabra (Barcelona),5,1
215,Journalism,Universitat de Valencia,5,1
215,Translation Studies,Universität Heidelberg,2,0
216, Applied Data Science,University of Michigan-Ann Arbor,4,1
216,Business Administration,Beirut Arab University,1,0
216,Clinical Education ,University of British Columbia,1,0
216,Computer Science ,American University of Science and Technology,2,0
216,"Creative Direction, Content and Branding",IE University,3,0
216,Design Global,Unversity of Balamand ,1,0
216,Economic Development and Growth,Universidad Carlos III de Madrid (UC3M),1,0
216,Optometry and Vision Sciences,Universitat Politècnica de Catalunya · BarcelonaTech (UPC),2,0
216,Science and Technology Studies ,University of British Columbia,3,0
217, Financial Mathematics,University of Chicago,2,0
217, Public Policy,University of Chicago,3,0
217,"Communication and Political Marketing, Comparative Politics - Arab World, Foreign Affairs and International Cooperation",Saint Joseph University of Beirut,4,1
217,Curatorial Studies,University of Navarra,2,0
217,Management and International Affairs,Holy Spirit University of Kaslik,5,1
217,Mechatronics and Information Technology,"KIT, Karlsruhe Institute of Technology",1,0
217,Psychology of Education and Training,Saint Joseph University of Beirut,4,1
217,Social and Labour Rights,Universitat Autònoma de Barcelona,2,0
217,Sports Training ,Antoine University,3,1
217,Theoretical Physics,Complutense University of Madrid,2,0
218, Computer Security,Columbia University,2,0
218, Microbiology (Thesis),McGill University,4,1
218,"Advanced Architecture, Landscape, Urban Planning and Design",Universitat Politecnica de Valencia,2,0
218,Arabic Language and Literature,Unversity of Balamand ,2,0
218,Biologie ,Technical University of Darmstadt,5,1
218,Chemical Biology,"KIT, Karlsruhe Institute of Technology",4,1
218,Chemical Sciences,Universität Stuttgart,5,1
218,Management Information Systems,American University of Science and Technology,3,0
218,Medical Physics,Beirut Arab University,3,0
218,Nautical and Marine Engineering and Naval Radio-Electronics,Universitat Politècnica de Catalunya · BarcelonaTech (UPC),2,0
218,Paediatric Physiotherapy,Universitat Autònoma de Barcelona,1,0
218,Wood Science,Universität Hamburg,4,1
219, Human Genetics (Thesis),McGill University,3,1
219,Biology,"KIT, Karlsruhe Institute of Technology",5,1
219,"European Master Waves, Acoustics, Vibrations, Engineering and Sound",Universitat Politecnica de Valencia,3,0
219,Genome Science and Technology ,University of British Columbia,4,1
219,"Health, Integration and Disability",Complutense University of Madrid,3,0
219,Human Rights ,Jinan University,1,0
219,Medieval Studies,University of Toronto,2,0
219,Molecular Life Sciences,Universität Hamburg,5,1
219,Molecular Plant Science,Universität Hamburg,4,1
219,Oceanography and Marine Management,Universitat Politècnica de Catalunya · BarcelonaTech (UPC),1,0
219,Operations and Logistics Management,Antoine University,2,0
219,Political Science,University of Salamanca,3,0
219,Surgical and Interventional Sciences (Non-Thesis),McGill University,4,1
220, Digital Media,University of British Columbia,4,1
220,Advanced Biology,Universidad de Sevilla,2,0
220,"Biochemistry, Molecular Biology and Biomedicine",Universitat Autònoma de Barcelona,3,0
220,Emerging Technologies,New York University (NYU),3,1
220,Infection Prevention and Control,Beirut Arab University,2,0
220,Journalism and Digital Content Innovation,Universitat Autònoma de Barcelona,5,1
220,Landscape Architecture,Universitat Politecnica de Valencia,1,0
220,Literary and Theatrical Studies,University of Granada,4,1
220,Marketing,Johns Hopkins University,3,0
220,Media Studies,Universität Hamburg,4,1
220,Research in Clinical Psychology and Health,Universitat Autònoma de Barcelona,2,0
220,Sociocultural Analysis of Knowledge and Communication,Complutense University of Madrid,3,1
220,Theatre Studies,Universitat Autònoma de Barcelona,2,0
221,"Ancient Culture, Religion and Ethnicity ",University of British Columbia,2,0
221,Audiovisual Communication for the Digital Age,Complutense University of Madrid,3,1
221,Bioengineering,"KIT, Karlsruhe Institute of Technology",1,0
221,Journalism Research,Complutense University of Madrid,5,1
221,Journalism and Digital Content Innovation,Universitat Autònoma de Barcelona,3,1
221,"Media, Communication and Culture",Universitat Autònoma de Barcelona,3,1
221,Piano,University of British Columbia,3,0
221,Psychology,Universität Hamburg,2,0
221,Social Media and Corporate Communication,Universitat Politecnica de Valencia,4,1
221,Strategic Planning in Advertising and Public Relations,Universitat Autònoma de Barcelona,5,1
221,Sustainability,University of Navarra,1,0
221,Transfusion Medicine and Advanced Cell Therapies,Universitat Autònoma de Barcelona,2,0
221,Urban Mobility,Universitat Politècnica de Catalunya · BarcelonaTech (UPC),1,0
222, Conducting (Thesis),McGill University,3,1
222, Nonprofit Leadership,University of Pennsylvania,3,1
222, Otolaryngology (Thesis),McGill University,2,0
222,Environmental Sciences,American University of Beirut ,1,0
222,Food Technology,American University of Beirut ,1,0
222,Organ,University of British Columbia,1,0
222,Pharma-Biotech Company Management,University of Navarra,2,0
222,Religious Studies (Non-Thesis),McGill University,1,0
223, Astronomy,Yale University,2,0
223, Nonprofit Leadership,University of Pennsylvania,3,1
223,Asian Studies ,University of British Columbia,1,0
223,Mechanical engineering,Friedrich-Alexander-Universität Erlangen-Nürnberg,2,0
223,"Media, Communication and Journalism Studies (Thesis)",McGill University,2,0
223,Operations and Logistics Management,Antoine University,1,0
223,Physics,"KIT, Karlsruhe Institute of Technology",3,0
224,  Human Nutrition (Non-Thesis),McGill University,5,1
224, Dental Sciences (Thesis),McGill University,5,1
224, Medical Sociology (Non-Thesis),McGill University,5,1
224,Architecture,"KIT, Karlsruhe Institute of Technology",2,0
224,Economics,American University of Science and Technology,3,0
224,"Engineering, Science and Technology Education",Universitat Politècnica de Catalunya · BarcelonaTech (UPC),1,0
224,Experimental Medicine (Thesis),McGill University,4,1
224,Food Technology,Technische Universität Berlin (TU Berlin),1,0
224,Interdisciplinary Studies in Human Development ,University of Pennsylvania,2,0
224,Population and Public Health ,University of British Columbia,4,1
224,Process for the Canonical Annulment of Marriage,Comillas Pontifical University,3,0
224,Research in Art and Creation,Complutense University of Madrid,1,0
224,Semiconductor Engineering and Microelectronic Design,Universitat Autònoma de Barcelona,1,0
225, Collaborative Piano,University of Toronto,2,0
225, Dental Sciences (Non-Thesis),McGill University,4,1
225, Medical Anthropology (Thesis),McGill University,5,1
225, Occupational Therapy (MScOT),University of Toronto,4,1
225,Advanced Studies in Design-Barcelona,Universitat Politècnica de Catalunya · BarcelonaTech (UPC),2,0
225,Applied Analytics,Columbia University,2,0
225,Experimental Medicine ,University of British Columbia,4,1
225,Geosciences for the Energy Transition,Universitat de Barcelona,2,0
225,Information and Communication Technology,Friedrich-Alexander-Universität Erlangen-Nürnberg,3,0
225,"Parliamentary Law, Elections and Legislative Studies",Complutense University of Madrid,2,0
225,Pathology and Laboratory Medicine ,University of British Columbia,4,1
225,Public Health (Non-Thesis),McGill University,5,1
225,Spanish and Romance Studies,Universität Heidelberg,1,0
225,Specialization in Environmental Policy Analysis Conservation and Management,Yale University,3,0
226, Applied Computing ,University of Toronto,4,1
226,Admission to the Bar  Corporate Law,Comillas Pontifical University,3,0
226,Anthropology,Universitat Autònoma de Barcelona,2,0
226,Bioinformatics ,University of British Columbia,4,1
226,Computer Engineering,Beirut Arab University,3,0
226,Computer Science,University of British Columbia,4,1
226,Economic Development and Growth,Universidad Carlos III de Madrid (UC3M),2,0
226,Enabling Technologies for the Food and Bioprocessing Industry,Universitat Politècnica de Catalunya · BarcelonaTech (UPC),2,0
226,Integrated Studies in Land and Food Systems ,University of British Columbia,4,1
226,Japanese Studies,Universität Hamburg,2,0
226,Mathematical Research,Universitat de Valencia,2,0
226,School Library and Reading Promotion,Universitat Autònoma de Barcelona,3,0
227, Applied Computing ,University of Toronto,5,1
227, Dependable Software Systems ,University of British Columbia,4,1
227,Bioinformatics ,University of British Columbia,5,1
227,Computer Science (Thesis),McGill University,5,1
227,Environment and Energy Transition,Comillas Pontifical University,1,0
227,Environmental Engineering,Universitat Politècnica de Catalunya · BarcelonaTech (UPC),3,0
227,Health Informatics ,University of Toronto,4,1
227,Integrated Studies in Land and Food Systems ,University of British Columbia,4,1
227,International Contracts,Holy Spirit University of Kaslik,2,0
227,Language and Literature Research,Universitat de Valencia,2,0
227,Marketing,Haigazian University,2,0
227,Social Communication,Complutense University of Madrid,2,0
227,Territorial Studies and Planning,Universitat Autònoma de Barcelona,1,0
227,Translation and Intercultural Studies,Universitat Autònoma de Barcelona,1,0
228, Plant Sciences,Cornell University,3,0
228,Art History,American University of Beirut ,3,0
228,Chemistry,University of Navarra,2,0
228,Dietetics,University of British Columbia,2,0
228,Environmental  Engineering,Yale University,1,0
228,French Literature,Saint Joseph University of Beirut,4,1
228,Pharmacy,Complutense University of Madrid,2,0
228,Psychology,"University of California, Los Angeles (UCLA)",3,0
228,Theological Sciences and Pastoral Studies ,Antoine University,3,1
228,Theology,Unversity of Balamand ,4,1
229, Arabic and Hebrew Studies,University of Pennsylvania,5,1
229, Hispanic Studies,University of Pennsylvania,5,1
229,Arabic Language and Literature,Unversity of Balamand ,5,1
229,Biology,"KIT, Karlsruhe Institute of Technology",1,0
229,Computer Science and Engineering,Universidad Carlos III de Madrid (UC3M),2,0
229,Dietetics,McGill University,2,0
229,Economics,Cornell University,1,0
229,Environmental Science,University of Granada,2,0
229,History,Princeton University,5,1
229,Mechanical Engineering ,"KIT, Karlsruhe Institute of Technology",2,0
229,"Philosophy, Politics and Economics",Comillas Pontifical University,2,0
230, Educational Psychology (Non-Thesis),McGill University,2,0
230, Health Administration,Cornell University,5,1
230, Public Health Policy Track,Yale University,5,1
230, Public Health Social and Behavioral Sciences Track,Yale University,4,1
230,Art History and Curating,American University of Beirut ,2,0
230,Bioinformatics ,University of British Columbia,2,0
230,Early Childhood Education ,University of British Columbia,2,0
230,Enology,Universitat Politecnica de Valencia,2,0
230,Financial Economics Program ,University of Toronto,3,0
230,Public Health,"University of California, Berkeley (UCB)",5,1
230,Theology of Consecrated Life,Antoine University,3,0
230,media studies,American University of Beirut ,3,0
231, Biostatistics (Thesis),McGill University,2,0
231, Health Administration,Cornell University,5,1
231, Management Information Systems ,University of British Columbia,2,0
231, Nutrition,Cornell University,5,1
231, Public Health ,Yale University,5,1
231, Public Health in Biostatistics,Yale University,5,1
231, Translational Research in the Health Sciences,University of Toronto,2,0
231,Communication and Visual Arts,Holy Spirit University of Kaslik,2,0
231,Food Chemistry,Universität Hamburg,2,0
231,General Health Psychology,Universitat Autònoma de Barcelona,1,0
231,Public Health Applied Biostatistics and Epidemiology Track,Yale University,4,1
232,Architecture,Unversity of Balamand ,3,0
232,Audiovisual Communications,Universitat Politecnica de Valencia,3,1
232,Biotechnology,McGill University,3,1
232,Ecology and Evolutionary Biology,University of British Columbia,1,0
232,Electrical  Engineering and Computer Science,Yale University,1,0
232,Geology,Universitat de Barcelona,3,0
232,Journalism,University of Navarra,4,1
232,Laws,Universidad de Sevilla,1,0
232,Mass Communication,Beirut Arab University,4,1
232,"Media, Communication and Journalism",University of Pennsylvania,4,1
232,Nursing,Unversity of Balamand ,2,0
232,Spanish and Romance Studies,Universität Heidelberg,3,0
232,radio and television,Jinan University,5,1
233,Dentistry,University of Granada,1,0
233,French and Spanish,University of British Columbia,2,0
233,German Language,McGill University,3,1
233,Human Nutrition and Dietetics,Complutense University of Madrid,1,0
233,Industrial Organization Engineering,Universitat Politecnica de Valencia,2,0
233,Law and Political Science,Complutense University of Madrid,2,0
233,Media and Communication Studies,Universität Hamburg,5,1
233,Physics,Universidad de Zaragoza,2,0
233,Science in Electric Engineering,Rafik Hariri  University ,2,0
234, Global Automotive and Manufacturing  Engineering,University of Michigan-Ann Arbor,3,1
234, Manufacturing,University of Michigan-Ann Arbor,5,1
234, Piano Pedagogy,University of Toronto,2,0
234,?Microbiology and Immunology,American University of Beirut ,1,0
234,Automotive  Engineering,University of Michigan-Ann Arbor,5,1
234,Computer Vision,Universitat de Barcelona,3,1
234,Energy Systems  Engineering,University of Michigan-Ann Arbor,4,1
234,Learning Sciences and Technologies,University of Pennsylvania,3,1
234,Optical and Imaging Technologies,Complutense University of Madrid,1,0
234,Professional Multimedia Journalism,Complutense University of Madrid,1,0
234,Psychology of Sport and Physical Activity,Universitat Autònoma de Barcelona,2,0
234,Systems  Engineering  Design,University of Michigan-Ann Arbor,5,1
235, Environmental Toxicology,Cornell University,1,0
235, Kinesiology and Physical Education (Thesis),McGill University,2,0
235,"Animal Genetics and Breeding, and Reproductive Biotechnology",Universitat Politecnica de Valencia,1,0
235,Civil Engineering,"KIT, Karlsruhe Institute of Technology",5,1
235,Computer Engineering,Technische Universität Berlin (TU Berlin),3,1
235,Contemporary Philosophy,University of Granada,2,0
235,Electrical Engineering,Technische Universität Berlin (TU Berlin),5,1
235,Electrical Engineering,Universität Stuttgart,3,0
235,European Economic Governance,Universidad Carlos III de Madrid (UC3M),3,0
235,Forensic Science,American University of Science and Technology,1,0
235,Health Education ,Jinan University,2,0
235,Industrial Engineering and Management,"KIT, Karlsruhe Institute of Technology",5,1
236,  Nursing (Non-Thesis),McGill University,2,0
236, Microbiology (Thesis),McGill University,3,0
236, Occupational and Environmental Health,University of Toronto,2,0
236,Advanced Mathematics,Complutense University of Madrid,3,1
236,Architecture,"KIT, Karlsruhe Institute of Technology",2,0
236,Biostatistics,Complutense University of Madrid,4,1
236,Chemical  Engineering & Applied Chemistry,University of Toronto,2,0
236,Computer Vision,Universitat Autònoma de Barcelona,1,0
236,Executive Strategic Marketing And Communication,IE University,3,0
236,Landscape Architecture ,University of British Columbia,2,0
236,Meteorology and Geophysics,Complutense University of Madrid,5,1
236,Nuclear Physics,University of Granada,5,1
236,Organic Chemistry,Complutense University of Madrid,3,1
236,"Secondary and Upper Secondary Education, Vocational Training and Foreign Language Teaching in Mathematics specialisation",Universitat Politècnica de Catalunya · BarcelonaTech (UPC),3,1
237,Applied Urban Science and Informatics,New York University (NYU),3,1
237,Biostatistics,Complutense University of Madrid,3,0
237,Chemistry,Universitat de Valencia,4,1
237,Connected Industry,Universidad Carlos III de Madrid (UC3M),2,0
237,Counseling and Mental Health Services ,University of Pennsylvania,2,0
237,Erasmus Mundus in Interdisciplinary Mathematics,Universitat Autònoma de Barcelona,4,1
237,Geosciences for the Energy Transition,Universitat de Barcelona,4,1
237,Green Chemistry,Universitat Politecnica de Valencia,4,1
237,Mathematical Research,Universitat de Valencia,5,1
237,Paleobiology and Fossil Record,Universitat Autònoma de Barcelona,1,0
237,Psychology ,University of British Columbia,1,0
237,"Research Methods for Management, Economics and Finance",Comillas Pontifical University,2,0
238, Mechanical  Engineering,Cornell University,3,0
238,Chemical Engineering,Holy Spirit University of Kaslik,2,0
238,Civil Engineering,Unversity of Balamand ,1,0
238,East Asian Studies: Language and Literature,McGill University,1,0
238,Global Environmental Systems Concentration,University of Pennsylvania,2,0
238,International Development Studies,McGill University,2,0
238,Marine Sciences and Technologies,Universitat Politècnica de Catalunya · BarcelonaTech (UPC),1,0
238,Nursing Sciences,Holy Spirit University of Kaslik,5,1
238,Nutrition & Dietetics,Lebanese International University,4,1
238,Nutrition and Dietetics,Modern University for Business and Science,5,1
238,Physiotherapy,Saint Joseph University of Beirut,3,1
238,Sustainable Agriculture and Environment,University of British Columbia,3,0
239,Applied Statistics and Sociology,Universitat Autònoma de Barcelona,2,0
239,Biomedical Science,Lebanese International University,5,1
239,Chemistry  ,University of Göttingen,2,0
239,Engineering in Industrial Technologies,Comillas Pontifical University,3,0
239,Human Nutrition,Notre Dame University ,4,1
239,Human Nutrition and Dietetics,Holy Spirit University of Kaslik,5,1
239,International Economics,University of British Columbia,2,0
239,Licentiate in Music,McGill University,2,0
239,Mathmetics,American University of Beirut ,1,0
239,Multimedia Studies,Universitat Politècnica de Catalunya · BarcelonaTech (UPC),2,0
239,Nursing ,American University of Science and Technology,4,1
239,Nursing Sciences,Jinan University,5,1
239,Social Sciences,McGill University,2,0
239, Medical Laboratory Technology,Jinan University,5,1
240, Middle Eastern and Mediterranean Politics,Unversity of Balamand ,1,0
240,Arabic for Elementary School,Modern University for Business and Science,4,1
240,Business Management,Friedrich-Alexander-Universität Erlangen-Nürnberg,2,0
240,Ecology,Complutense University of Madrid,2,0
240,Electric Power Systems and Drives,Universitat Politècnica de Catalunya · BarcelonaTech (UPC),2,0
240,French Language and Literature,Islamic University of Lebanon,4,1
240,International and European Business Law,Comillas Pontifical University,2,0
240,Languages,Lebanese International University,4,1
240,Philosophy,Holy Spirit University of Kaslik,3,1
240,Psychology,Universität Heidelberg,3,0
240,Theologica,Saint Joseph University of Beirut,3,1
241, Computational Social Science,University of Chicago,2,0
241,Accounting & Taxation,University of Cologne,2,0
241,Advanced Biology,Universidad de Sevilla,2,0
241,Arabic Language,Jinan University,4,1
241,"Community Social Work, Management and Evaluation of Social Services",Complutense University of Madrid,2,0
241,Corporate Restructuring,Universität Heidelberg,1,0
241,French Language and Literature,Beirut Arab University,4,1
241,Islamology,Saint Joseph University of Beirut,5,1
241,Philosophy,Holy Spirit University of Kaslik,5,1
241,Public Health Applied Biostatistics and Epidemiology Track,Yale University,3,1
241,Public Policy,Princeton University,2,0
241,Surgery ,University of British Columbia,3,1
241,Theologica,Saint Joseph University of Beirut,5,1
241,Theology,Unversity of Balamand ,5,1
242,Assyriology,Universität Heidelberg,4,1
242,Biology  ,University of Göttingen,4,1
242,Bioresources Use,Universität Hamburg,5,1
242,Business Administration,Islamic University of Lebanon,2,0
242,Chemical Biology,"KIT, Karlsruhe Institute of Technology",5,1
242,Chemie ,Technical University of Darmstadt,5,1
242,Computer Science,Yale University,2,0
242,Energy Engineering,Universitat Politecnica de Valencia,2,0
242,English Language and Literature,Holy Spirit University of Kaslik,2,0
242,International Relations,Universitat Autònoma de Barcelona,1,0
242,Management and Administration,Unversity of Balamand ,2,0
242,Neurosciences,University of Cologne,3,1
242,Pharmacy and Pharmaceutical Technology,Complutense University of Madrid,3,0
242,Teaching English as a Second Language ,McGill University,1,0
243, Computational Biology Concentration,University of Pennsylvania,4,1
243," Molecular, Cellular, and Developmental Biology",Yale University,5,1
243,Biological Sciences,Northwestern University,5,1
243,Biology,California Institute of Technology (Caltech),5,1
243,Chemical ENngineering,Unversity of Balamand ,2,0
243,Finance,McGill University,1,0
243,Industrial Engineering,American University of Beirut ,2,0
243,Management Information Systems,Haigazian University,3,0
243,Medical Engineering,Friedrich-Alexander-Universität Erlangen-Nürnberg,1,0
243,Physics,American University of Beirut ,2,0
243,Political Science,Universidad Carlos III de Madrid (UC3M),3,0
243,radio and television,Jinan University,2,0
244,Aeronautical Engineering,Universidad Carlos III de Madrid (UC3M),3,1
244,Cinema Studies,University of Toronto,4,1
244,Criminal and Criminal Procedural Law,Universidad Carlos III de Madrid (UC3M),2,0
244,Digital Arts and Humanities ,University of British Columbia,5,1
244,Empirical Cultural Studies,Universität Hamburg,2,0
244,Erasmus Mundus Decentralised Smart Energy Systems,Universitat Politècnica de Catalunya · BarcelonaTech (UPC),3,0
244,Film Production ,University of British Columbia,5,1
244,Film Production and Creative Writing ,University of British Columbia,3,0
244,"Media, Communication and Journalism Sciences and Disorders (Thesis)",McGill University,3,0
244,Science of Religion,Universidad Carlos III de Madrid (UC3M),3,0
244,Tourism Management of Cultural and Natural Resources,Universidad Carlos III de Madrid (UC3M),1,0
244,Zoology,Complutense University of Madrid,2,0
245,Accounting,American University of Science and Technology,3,0
245,Arab and Middle Eastern History,American University of Beirut ,3,0
245,Audiovisual Communication and Advertising Contents,Universitat Autònoma de Barcelona,5,1
245,Computer Science,Holy Spirit University of Kaslik,3,0
245,Curriculum and Teaching Methods ,Jinan University,2,0
245,Film Production and Creative Writing ,University of British Columbia,4,1
245,Interdisciplinary Public and Nonprofit Studies,Universität Hamburg,2,0
245,Mathematics,Technische Universität Berlin (TU Berlin),2,0
245,Mechatronics Engineering,American University of Science and Technology,2,0
245,"Media, Communication and Journalism Sciences & Disorders (Non-Thesis)",McGill University,3,1
245,"Media, Communication and Journalism Studies (Thesis)",McGill University,4,1
245,Professional Multimedia Journalism,Complutense University of Madrid,5,1
245,Transmedia Documentary and Reportage,Universidad Carlos III de Madrid (UC3M),5,1
246, Entomology,Cornell University,2,0
246,Applied Mathematics ,McGill University,2,0
246,Civil Engineering,Holy Spirit University of Kaslik,4,1
246,Civil Engineering,Notre Dame University ,4,1
246,Financial Engineering,American University of Science and Technology,5,1
246,Industrial Engineering,Lebanese International University,3,1
246,Medicine ,Universität Heidelberg,3,1
246,Musicology,Universität Heidelberg,3,1
246,Professional Agrology,McGill University,1,0
246,Speech Therapy,Universitat Autònoma de Barcelona,1,0
246,Surveying Engineering,Lebanese International University,5,1
247, Earth Systems,Cornell University,3,1
247,Anthropology,Universität Heidelberg,1,0
247,Civil and Environmental Engineering,Pheonicia University ,5,1
247,Communications and Electronics Engineering,Beirut Arab University,3,0
247,Computer and Communication Engineering,Rafik Hariri  University ,3,1
247,Mechanical Engineering,Beirut Arab University,5,1
247,Pharmacy,University of British Columbia,2,0
247,Physics,Universidad de Sevilla,2,0
247,Sciences,Universidad Carlos III de Madrid (UC3M),2,0
247,Statistics ,McGill University,2,0
247,Theater and Performance Studies,University of Chicago,2,0
247,"Women's, Gender, and Sexuality Studies",Yale University,1,0
248, Natural Language Processing,Columbia University,2,0
248, Nutrition,Cornell University,2,0
248,Anthropology (Thesis),McGill University,2,0
248,Biomolecular Engineering ,Technical University of Darmstadt,1,0
248,Chemie ,Technical University of Darmstadt,2,0
248,"Commercial Regulation, Litigation and Arbitration",Pheonicia University ,5,1
248,Governance,Universitat Pompeu Fabra (Barcelona),3,0
248,Harpsichord ,University of British Columbia,2,0
248,International Defense and Security Policy,Complutense University of Madrid,5,1
248,International Law,Complutense University of Madrid,5,1
248,Labor Legal Consulting,Universidad Carlos III de Madrid (UC3M),4,1
249, Retailing (Non-Thesis),McGill University,2,0
249, Systems  Engineering,Columbia University,1,0
249,Banking and Financial Regulation,University of Navarra,2,0
249,Computer Science (Thesis),McGill University,2,0
249,Criminology,Universität Hamburg,5,1
249,Data Science,Universitat Politècnica de Catalunya · BarcelonaTech (UPC),2,0
249,Design and Environmental Management of Buildings,University of Navarra,2,0
249,Emerging Technologies,New York University (NYU),3,0
249,European and International Law ,Universität Hamburg,5,1
249,International Law,University of Göttingen,5,1
249,International Law,Universität Heidelberg,4,1
249,Legal Studies,"University of California, Los Angeles (UCLA)",5,1
249,Political Theory and Democratic Culture,Complutense University of Madrid,1,0
250, Computation and Cognition,Massachusetts Institute of Technology (MIT),2,0
250, Law (Non-Thesis),McGill University,3,1
250,Bioethics Law(Thesis),McGill University,5,1
250,Dental Sciences,University of Granada,2,0
250,"Gender, Race, Sexuality, and Social Justice",University of British Columbia,5,1
250,Juris Doctor,University of Toronto,5,1
250,Manuscript Cultures,Universität Hamburg,2,0
250,Photonics,Universitat Autònoma de Barcelona,2,0
250,Science in Marketing,Universidad Carlos III de Madrid (UC3M),2,0
250,Social Work ,University of British Columbia,1,0
250,Taxation,University of British Columbia,5,1
250,Translational Medical Research,Universität Heidelberg,1,0
251, Law (Thesis),McGill University,4,1
251, Laws ,University of British Columbia,4,1
251,Bioethics Law(Thesis),McGill University,5,1
251,Criminology,University of Toronto,3,1
251,Data Science,Freie Universitaet Berlin,1,0
251,General Business Administration,Haigazian University,1,0
251,History Languages and Cultures of the Middle East,Universität Hamburg,1,0
251,Laws,University of Toronto,5,1
251,Medical Informatics,Universität Heidelberg,1,0
251,"Plant Biology, Genomics and Biotechnology",Universitat Autònoma de Barcelona,2,0
251,Strategic Marketing and Communication,IE University,3,0
251,Taxation,University of British Columbia,4,1
252, Educational Psychology (Thesis),McGill University,2,0
252, Nutrition,Beirut Arab University,3,1
252, Systems  Engineering,Columbia University,2,0
252,Dental Laboratory Technology ,Antoine University,4,1
252,"Documentation Management, Libraries and Archives",Complutense University of Madrid,2,0
252,Electronic Commerce,Complutense University of Madrid,2,0
252,Oral Surgery,Beirut Arab University,5,1
252,Orthodontics,Beirut Arab University,4,1
252,Physiotherapy of Physical Activities and Sport,Saint Joseph University of Beirut,4,1
252,Psychosocial Research and Intervention,Universitat Autònoma de Barcelona,2,0
252,Tourism Management in Cultural Heritage,Universitat Autònoma de Barcelona,2,0
253, Dental Sciences (Thesis),McGill University,5,1
253, Medical Radiation Physics (Thesis),McGill University,4,1
253, Public Health Combined Degree ,Northwestern University,3,1
253, Public Health Policy Track,Yale University,5,1
253,Aménagement du Paysage,Unversity of Balamand ,2,0
253,Business  Administration,American University of Beirut ,3,0
253,Business Administration,Beirut Arab University,2,0
253,Data Science,Universitat de Valencia,3,0
253,Design Global,Unversity of Balamand ,2,0
253,Experimental Medicine (Thesis),McGill University,4,1
253,Family Medicine (Thesis),McGill University,4,1
253,History ,University of Göttingen,3,0
253,Ocean and Climate Physics,Universität Hamburg,1,0
253,Protestant Theology,Universität Heidelberg,2,0
254, Geography (Thesis),McGill University,3,0
254,?Microbiology and Immunology,American University of Beirut ,2,0
254,Bioethics(Non-Thesis),McGill University,3,0
254,Biomedicine,Universitat de Barcelona,5,1
254,Electrical  Engineering and Computer Science,Massachusetts Institute of Technology (MIT),3,0
254,Human Nutrition and Applied Dietetics,Complutense University of Madrid,5,1
254,Nursing Innovation Applied to Vulnerability and Health,Universitat Autònoma de Barcelona,3,1
254,Public Health,Universitat Autònoma de Barcelona,3,1
254,Research and Advances in Preventive Medicine and Public Health,University of Granada,5,1
254,Romance Linguistics,Universität Hamburg,2,0
254,Teaching English to Speakers of Other Languages ,University of Pennsylvania,3,0
255,Advanced Studies in History of Spanish Art,Complutense University of Madrid,3,0
255,Applied Physics,Columbia University,2,0
255,Communications and Electronics Engineering,Beirut Arab University,1,0
255,Erasmus Mundus in Health Management in Aquaculture,Universitat Autònoma de Barcelona,1,0
255,French Language and Literature,Islamic University of Lebanon,2,0
255,Medical Biometrics and Biostatistics,Universität Heidelberg,3,1
255,Molecular Medicine,Goethe-University Frankfurt am Main,3,1
255,Nutrition and Biomedicine,Technical University of Munich,4,1
255,Philosophy and Modern Culture,Universidad de Sevilla,2,0
255,Public Health,Technische Universität Dresden,5,1
255,Translational Medical Research,Universität Heidelberg,5,1
